player_id,team_id,season_id,stat_type,is_all_star,all_star_selections_2024_2026,full_name,birth_date,birth_place,bats,throws,height_inches,height_raw,weight_lbs,debut_date,primary_position,team_name,team_wins,team_losses,team_record,bat_G,bat_PA,bat_AB,bat_R,bat_H,bat_2B,bat_3B,bat_HR,bat_RBI,bat_SB,bat_CS,bat_BB,bat_SO,bat_BA,bat_OBP,bat_SLG,bat_OPS,bat_OPS_plus,bat_TB,bat_GDP,bat_HBP,bat_SH,bat_SF,bat_IBB,pit_W,pit_L,pit_WL_pct,pit_ERA,pit_G,pit_GS,pit_GF,pit_CG,pit_SHO,pit_SV,pit_IP,pit_H,pit_R,pit_ER,pit_HR,pit_BB,pit_IBB,pit_SO,pit_HBP,pit_BK,pit_WP,pit_BF,pit_ERA_plus,pit_WHIP,pit_H9,pit_HR9,pit_BB9,pit_SO9,is_show_top100,show_overall_rating,show_rank,show_potential_grade,scraped_at,source_team_url,source_player_url
judgeaa01,NYY,2026,batting,True,3,Aaron Judge,1992-04-26,"Linden, CA, United States",R,R,79,6-7,282,2016-08-13,RF,New York Yankees,64,50,64-50,59,261,214,43,53,10,0,17,38,5,3,42,72,.248,.375,.533,.907,151,114,8,2,0,1,5,,,,,,,,,,,,,,,,,,,,,,,,,,,,,True,99,1,A,2026-08-06T03:32:27+00:00,https://www.baseball-reference.com/teams/NYY/2026.shtml,https://www.baseball-reference.com/players/j/judgeaa01.shtml
judgeaa01,NYY,2025,batting,True,3,Aaron Judge,1992-04-26,"Linden, CA, United States",R,R,79,6-7,282,2016-08-13,RF,New York Yankees,94,68,94-68,152,679,541,137,179,30,2,53,114,12,5,124,160,.331,.457,.688,1.144,213,372,16,7,0,7,36,,,,,,,,,,,,,,,,,,,,,,,,,,,,,True,99,1,A,2026-08-06T03:30:21+00:00,https://www.baseball-reference.com/teams/NYY/2025.shtml,https://www.baseball-reference.com/players/j/judgeaa01.shtml
judgeaa01,NYY,2024,batting,True,3,Aaron Judge,1992-04-26,"Linden, CA, United States",R,R,79,6-7,282,2016-08-13,CF,New York Yankees,94,68,94-68,158,704,559,122,180,36,1,58,144,10,0,133,171,.322,.458,.701,1.159,225,392,22,9,0,2,20,,,,,,,,,,,,,,,,,,,,,,,,,,,,,True,99,1,A,2026-08-06T03:26:30+00:00,https://www.baseball-reference.com/teams/NYY/2024.shtml,https://www.baseball-reference.com/players/j/judgeaa01.shtml
wittbo02,KCR,2026,batting,True,3,Bobby Witt Jr.,2000-06-14,"Colleyville, TX, United States",R,R,73,6-1,200,2022-04-07,SS,Kansas City Royals,47,67,47-67,95,419,374,53,106,23,1,13,41,30,5,41,74,.283,.353,.455,.808,128,170,6,1,0,3,4,,,,,,,,,,,,,,,,,,,,,,,,,,,,,True,99,2,A,2026-08-06T03:31:48+00:00,https://www.baseball-reference.com/teams/KCR/2026.shtml,https://www.baseball-reference.com/players/w/wittbo02.shtml
wittbo02,KCR,2025,batting,True,3,Bobby Witt Jr.,2000-06-14,"Colleyville, TX, United States",R,R,73,6-1,200,2022-04-07,SS,Kansas City Royals,82,80,82-80,157,687,623,99,184,47,6,23,88,38,9,49,125,.295,.351,.501,.852,136,312,7,8,0,7,8,,,,,,,,,,,,,,,,,,,,,,,,,,,,,True,99,2,A,2026-08-06T03:29:56+00:00,https://www.baseball-reference.com/teams/KCR/2025.shtml,https://www.baseball-reference.com/players/w/wittbo02.shtml
wittbo02,KCR,2024,batting,True,3,Bobby Witt Jr.,2000-06-14,"Colleyville, TX, United States",R,R,73,6-1,200,2022-04-07,SS,Kansas City Royals,86,76,86-76,161,709,636,125,211,45,11,32,109,31,12,57,106,.332,.389,.588,.977,174,374,4,8,0,8,9,,,,,,,,,,,,,,,,,,,,,,,,,,,,,True,99,2,A,2026-08-06T03:28:01+00:00,https://www.baseball-reference.com/teams/KCR/2024.shtml,https://www.baseball-reference.com/players/w/wittbo02.shtml
salech01,ATL,2026,pitching,True,3,Chris Sale,1989-03-30,"Lakeland, FL, United States",L,L,78,6-6,180,2010-08-06,SP,Atlanta Braves,68,45,68-45,,,,,,,,,,,,,,,,,,,,,,,,,12,6,.667,2.08,20,20,0,0,0,0,117.0,93,32,27,8,26,0,143,10,0,0,471,201,1.017,7.2,0.6,2.0,11.0,True,97,9,A,2026-08-06T03:31:09+00:00,https://www.baseball-reference.com/teams/ATL/2026.shtml,https://www.baseball-reference.com/players/s/salech01.shtml
salech01,ATL,2025,pitching,True,3,Chris Sale,1989-03-30,"Lakeland, FL, United States",L,L,78,6-6,180,2010-08-06,SP,Atlanta Braves,76,86,76-86,,,,,,,,,,,,,,,,,,,,,,,,,7,5,.583,2.58,21,20,0,0,0,0,125.2,102,38,36,11,32,0,165,11,0,3,510,163,1.066,7.3,0.8,2.3,11.8,True,97,9,A,2026-08-06T03:29:20+00:00,https://www.baseball-reference.com/teams/ATL/2025.shtml,https://www.baseball-reference.com/players/s/salech01.shtml
salech01,ATL,2024,pitching,True,3,Chris Sale,1989-03-30,"Lakeland, FL, United States",L,L,78,6-6,180,2010-08-06,SP,Atlanta Braves,89,73,89-73,,,,,,,,,,,,,,,,,,,,,,,,,18,3,.857,2.38,29,29,0,0,0,0,177.2,141,48,47,9,39,0,225,8,1,4,702,174,1.013,7.1,0.5,2.0,11.4,True,97,9,A,2026-08-06T03:27:26+00:00,https://www.baseball-reference.com/teams/ATL/2024.shtml,https://www.baseball-reference.com/players/s/salech01.shtml
freemfr01,LAD,2026,batting,True,3,Freddie Freeman,1989-09-12,"Villa Park, CA, United States",L,R,76,6-4,220,2010-09-01,1B,Los Angeles Dodgers,69,45,69-45,111,478,420,57,130,27,1,15,54,5,0,51,78,.310,.385,.486,.871,141,204,16,3,0,4,1,,,,,,,,,,,,,,,,,,,,,,,,,,,,,True,90,43,A,2026-08-06T03:31:56+00:00,https://www.baseball-reference.com/teams/LAD/2026.shtml,https://www.baseball-reference.com/players/f/freemfr01.shtml
freemfr01,LAD,2025,batting,True,3,Freddie Freeman,1989-09-12,"Villa Park, CA, United States",L,R,76,6-4,220,2010-09-01,1B,Los Angeles Dodgers,93,69,93-69,147,627,556,81,164,39,2,24,90,6,2,60,128,.295,.367,.502,.869,143,279,13,6,0,5,7,,,,,,,,,,,,,,,,,,,,,,,,,,,,,True,90,43,A,2026-08-06T03:30:03+00:00,https://www.baseball-reference.com/teams/LAD/2025.shtml,https://www.baseball-reference.com/players/f/freemfr01.shtml
freemfr01,LAD,2024,batting,True,3,Freddie Freeman,1989-09-12,"Villa Park, CA, United States",L,R,76,6-4,220,2010-09-01,1B,Los Angeles Dodgers,98,64,98-64,147,638,542,81,153,35,2,22,89,9,2,78,100,.282,.378,.476,.854,141,258,13,10,0,8,9,,,,,,,,,,,,,,,,,,,,,,,,,,,,,True,90,43,A,2026-08-06T03:28:09+00:00,https://www.baseball-reference.com/teams/LAD/2024.shtml,https://www.baseball-reference.com/players/f/freemfr01.shtml
webblo01,SFG,2026,pitching,True,3,Logan Webb,1996-11-18,"Rocklin, CA, United States",R,R,74,6-2,221,2019-08-17,SP,San Francisco Giants,48,66,48-66,,,,,,,,,,,,,,,,,,,,,,,,,7,7,.500,3.74,20,20,0,1,0,0,125.0,108,55,52,9,31,0,101,6,0,1,510,106,1.112,7.8,0.6,2.2,7.3,True,94,22,B,2026-08-06T03:32:47+00:00,https://www.baseball-reference.com/teams/SFG/2026.shtml,https://www.baseball-reference.com/players/w/webblo01.shtml
webblo01,SFG,2025,pitching,True,3,Logan Webb,1996-11-18,"Rocklin, CA, United States",R,R,74,6-2,221,2019-08-17,SP,San Francisco Giants,81,81,81-81,,,,,,,,,,,,,,,,,,,,,,,,,15,11,.577,3.22,34,34,0,0,0,0,207.0,210,82,74,14,46,0,224,6,0,2,856,124,1.237,9.1,0.6,2.0,9.7,True,94,22,B,2026-08-06T03:30:40+00:00,https://www.baseball-reference.com/teams/SFG/2025.shtml,https://www.baseball-reference.com/players/w/webblo01.shtml
webblo01,SFG,2024,pitching,True,3,Logan Webb,1996-11-18,"Rocklin, CA, United States",R,R,74,6-2,221,2019-08-17,SP,San Francisco Giants,80,82,80-82,,,,,,,,,,,,,,,,,,,,,,,,,13,10,.565,3.47,33,33,0,1,1,0,204.2,202,83,79,11,50,3,172,2,1,4,841,112,1.231,8.9,0.5,2.2,7.6,True,94,22,B,2026-08-06T03:28:48+00:00,https://www.baseball-reference.com/teams/SFG/2024.shtml,https://www.baseball-reference.com/players/w/webblo01.shtml
skenepa01,PIT,2026,pitching,True,3,Paul Skenes,2002-05-29,"Fullerton, CA, United States",R,R,78,6-6,260,2024-05-11,SP,Pittsburgh Pirates,57,58,57-58,,,,,,,,,,,,,,,,,,,,,,,,,9,9,.500,3.90,23,23,0,0,0,0,124.2,107,61,54,13,32,0,156,8,0,1,512,110,1.115,7.7,0.9,2.3,11.3,True,99,4,A,2026-08-06T03:32:36+00:00,https://www.baseball-reference.com/teams/PIT/2026.shtml,https://www.baseball-reference.com/players/s/skenepa01.shtml
skenepa01,PIT,2025,pitching,True,3,Paul Skenes,2002-05-29,"Fullerton, CA, United States",R,R,78,6-6,260,2024-05-11,SP,Pittsburgh Pirates,71,91,71-91,,,,,,,,,,,,,,,,,,,,,,,,,10,10,.500,1.97,32,32,0,1,0,0,187.2,136,45,41,11,42,0,216,6,0,2,733,222,0.948,6.5,0.5,2.0,10.4,True,99,4,A,2026-08-06T03:30:29+00:00,https://www.baseball-reference.com/teams/PIT/2025.shtml,https://www.baseball-reference.com/players/s/skenepa01.shtml
skenepa01,PIT,2024,pitching,True,3,Paul Skenes,2002-05-29,"Fullerton, CA, United States",R,R,78,6-6,260,2024-05-11,SP,Pittsburgh Pirates,76,86,76-86,,,,,,,,,,,,,,,,,,,,,,,,,11,3,.786,1.96,23,23,0,0,0,0,133.0,94,31,29,10,32,0,170,6,1,2,514,211,0.947,6.4,0.7,2.2,11.5,True,99,4,A,2026-08-06T03:28:37+00:00,https://www.baseball-reference.com/teams/PIT/2024.shtml,https://www.baseball-reference.com/players/s/skenepa01.shtml
greenri03,DET,2026,batting,True,3,Riley Greene,2000-09-28,"Orlando, FL, United States",L,L,74,6-2,200,2022-06-18,LF,Detroit Tigers,55,58,55-58,111,469,403,61,112,24,1,16,54,3,1,59,124,.278,.369,.462,.830,129,186,11,2,0,5,4,,,,,,,,,,,,,,,,,,,,,,,,,,,,,False,,,,2026-08-06T03:31:42+00:00,https://www.baseball-reference.com/teams/DET/2026.shtml,https://www.baseball-reference.com/players/g/greenri03.shtml
greenri03,DET,2025,batting,True,3,Riley Greene,2000-09-28,"Orlando, FL, United States",L,L,74,6-2,200,2022-06-18,LF,Detroit Tigers,87,75,87-75,157,655,600,84,155,31,1,36,111,2,1,46,201,.258,.313,.493,.806,120,296,14,4,0,5,1,,,,,,,,,,,,,,,,,,,,,,,,,,,,,False,,,,2026-08-06T03:29:48+00:00,https://www.baseball-reference.com/teams/DET/2025.shtml,https://www.baseball-reference.com/players/g/greenri03.shtml
greenri03,DET,2024,batting,True,3,Riley Greene,2000-09-28,"Orlando, FL, United States",L,L,74,6-2,200,2022-06-18,LF,Detroit Tigers,86,76,86-76,137,584,512,82,134,27,6,24,74,4,2,64,156,.262,.348,.479,.827,131,245,2,5,0,2,3,,,,,,,,,,,,,,,,,,,,,,,,,,,,,False,,,,2026-08-06T03:27:54+00:00,https://www.baseball-reference.com/teams/DET/2024.shtml,https://www.baseball-reference.com/players/g/greenri03.shtml
ohtansh01,LAD,2026,batting,True,3,Shohei Ohtani,1994-07-05,"Oshu, Iwate, Japan",L,R,76,6-4,210,2018-03-29,DH,Los Angeles Dodgers,69,45,69-45,104,478,399,71,117,22,2,24,67,6,2,67,108,.293,.397,.539,.936,158,215,6,5,0,5,16,,,,,,,,,,,,,,,,,,,,,,,,,,,,,True,99,5,A,2026-08-06T03:31:56+00:00,https://www.baseball-reference.com/teams/LAD/2026.shtml,https://www.baseball-reference.com/players/o/ohtansh01.shtml
ohtansh01,LAD,2026,pitching,True,3,Shohei Ohtani,1994-07-05,"Oshu, Iwate, Japan",L,R,76,6-4,210,2018-03-29,SP,Los Angeles Dodgers,69,45,69-45,,,,,,,,,,,,,,,,,,,,,,,,,8,2,.800,1.79,14,14,0,0,0,0,85.2,55,21,17,4,26,0,95,6,1,0,340,232,0.946,5.8,0.4,2.7,10.0,True,99,5,A,2026-08-06T03:31:56+00:00,https://www.baseball-reference.com/teams/LAD/2026.shtml,https://www.baseball-reference.com/players/o/ohtansh01.shtml
ohtansh01,LAD,2025,batting,True,3,Shohei Ohtani,1994-07-05,"Oshu, Iwate, Japan",L,R,76,6-4,210,2018-03-29,DH,Los Angeles Dodgers,93,69,93-69,158,727,611,146,172,25,9,55,102,20,6,109,187,.282,.392,.622,1.014,181,380,9,3,0,2,20,,,,,,,,,,,,,,,,,,,,,,,,,,,,,True,99,5,A,2026-08-06T03:30:03+00:00,https://www.baseball-reference.com/teams/LAD/2025.shtml,https://www.baseball-reference.com/players/o/ohtansh01.shtml
ohtansh01,LAD,2025,pitching,True,3,Shohei Ohtani,1994-07-05,"Oshu, Iwate, Japan",L,R,76,6-4,210,2018-03-29,SP,Los Angeles Dodgers,93,69,93-69,,,,,,,,,,,,,,,,,,,,,,,,,1,1,.500,2.87,14,14,0,0,0,0,47.0,40,15,15,3,9,0,62,0,0,10,188,144,1.043,7.7,0.6,1.7,11.9,True,99,5,A,2026-08-06T03:30:03+00:00,https://www.baseball-reference.com/teams/LAD/2025.shtml,https://www.baseball-reference.com/players/o/ohtansh01.shtml
ohtansh01,LAD,2024,batting,True,3,Shohei Ohtani,1994-07-05,"Oshu, Iwate, Japan",L,R,76,6-4,210,2018-03-29,DH,Los Angeles Dodgers,98,64,98-64,159,731,636,134,197,38,7,54,130,59,4,81,162,.310,.390,.646,1.036,187,411,7,6,0,5,10,,,,,,,,,,,,,,,,,,,,,,,,,,,,,True,99,5,A,2026-08-06T03:28:09+00:00,https://www.baseball-reference.com/teams/LAD/2024.shtml,https://www.baseball-reference.com/players/o/ohtansh01.shtml
guerrvl02,TOR,2026,batting,True,3,Vladimir Guerrero Jr.,1999-03-16,"Montreal, QC, Canada",R,R,72,6-0,245,2019-04-26,1B,Toronto Blue Jays,53,61,53-61,108,456,401,56,104,18,0,6,44,7,3,46,62,.259,.338,.349,.687,89,140,15,4,0,5,5,,,,,,,,,,,,,,,,,,,,,,,,,,,,,True,94,24,A,2026-08-06T03:33:01+00:00,https://www.baseball-reference.com/teams/TOR/2026.shtml,https://www.baseball-reference.com/players/g/guerrvl02.shtml
guerrvl02,TOR,2025,batting,True,3,Vladimir Guerrero Jr.,1999-03-16,"Montreal, QC, Canada",R,R,72,6-0,245,2019-04-26,1B,Toronto Blue Jays,94,68,94-68,156,680,589,96,172,34,0,23,84,6,3,81,94,.292,.381,.467,.848,131,275,17,6,0,4,8,,,,,,,,,,,,,,,,,,,,,,,,,,,,,True,94,24,A,2026-08-06T03:30:55+00:00,https://www.baseball-reference.com/teams/TOR/2025.shtml,https://www.baseball-reference.com/players/g/guerrvl02.shtml
guerrvl02,TOR,2024,batting,True,3,Vladimir Guerrero Jr.,1999-03-16,"Montreal, QC, Canada",R,R,72,6-0,245,2019-04-26,1B,Toronto Blue Jays,74,88,74-88,159,697,616,98,199,44,1,30,103,2,2,72,96,.323,.396,.544,.940,164,335,16,5,0,4,12,,,,,,,,,,,,,,,,,,,,,,,,,,,,,True,94,24,A,2026-08-06T03:29:04+00:00,https://www.baseball-reference.com/teams/TOR/2024.shtml,https://www.baseball-reference.com/players/g/guerrvl02.shtml
rutscad01,BAL,2026,batting,True,2,Adley Rutschman,1998-02-06,"Portland, OR, United States",S,R,73,6-1,230,2022-05-21,C,Baltimore Orioles,55,58,55-58,67,284,247,30,62,19,1,8,47,0,1,30,40,.251,.331,.433,.764,115,107,6,2,0,5,0,,,,,,,,,,,,,,,,,,,,,,,,,,,,,True,84,93,B,2026-08-06T03:31:13+00:00,https://www.baseball-reference.com/teams/BAL/2026.shtml,https://www.baseball-reference.com/players/r/rutscad01.shtml
rutscad01,BAL,2024,batting,True,2,Adley Rutschman,1998-02-06,"Portland, OR, United States",S,R,73,6-1,230,2022-05-21,C,Baltimore Orioles,91,71,91-71,148,638,571,68,143,21,1,19,79,1,0,58,103,.250,.318,.391,.709,105,223,9,2,0,7,3,,,,,,,,,,,,,,,,,,,,,,,,,,,,,True,84,93,B,2026-08-06T03:27:30+00:00,https://www.baseball-reference.com/teams/BAL/2024.shtml,https://www.baseball-reference.com/players/r/rutscad01.shtml
munozan01,SEA,2025,pitching,True,2,Andrés Muñoz,1999-01-16,"Los Mochis, Sinaloa, Mexico",R,R,74,6-2,222,2019-07-12,CL,Seattle Mariners,90,72,90-72,,,,,,,,,,,,,,,,,,,,,,,,,3,3,.500,1.73,64,0,47,0,0,38,62.1,36,18,12,2,28,3,83,4,0,7,254,221,1.027,5.2,0.3,4.0,12.0,True,86,73,A,2026-08-06T03:30:36+00:00,https://www.baseball-reference.com/teams/SEA/2025.shtml,https://www.baseball-reference.com/players/m/munozan01.shtml
munozan01,SEA,2024,pitching,True,2,Andrés Muñoz,1999-01-16,"Los Mochis, Sinaloa, Mexico",R,R,74,6-2,222,2019-07-12,CL,Seattle Mariners,85,77,85-77,,,,,,,,,,,,,,,,,,,,,,,,,3,7,.300,2.12,60,0,41,0,0,22,59.1,31,16,14,6,26,3,77,3,1,3,232,175,0.961,4.7,0.9,3.9,11.7,True,86,73,A,2026-08-06T03:28:45+00:00,https://www.baseball-reference.com/teams/SEA/2024.shtml,https://www.baseball-reference.com/players/m/munozan01.shtml
chapmar01,BOS,2026,batting,True,2,Aroldis Chapman,1988-02-28,"Holguin, Holguin, Cuba",L,L,76,6-4,235,2010-08-31,P,Boston Red Sox,61,51,61-51,2,0,0,0,0,0,0,0,0,0,0,0,0,,,,,,0,0,0,0,0,0,,,,,,,,,,,,,,,,,,,,,,,,,,,,,True,92,31,A,2026-08-06T03:31:17+00:00,https://www.baseball-reference.com/teams/BOS/2026.shtml,https://www.baseball-reference.com/players/c/chapmar01.shtml
chapmar01,BOS,2026,pitching,True,2,Aroldis Chapman,1988-02-28,"Holguin, Holguin, Cuba",L,L,76,6-4,235,2010-08-31,CL,Boston Red Sox,61,51,61-51,,,,,,,,,,,,,,,,,,,,,,,,,2,3,.400,1.67,39,0,32,0,0,27,37.2,28,8,7,1,17,0,50,1,0,1,158,244,1.195,6.7,0.2,4.1,11.9,True,92,31,A,2026-08-06T03:31:17+00:00,https://www.baseball-reference.com/teams/BOS/2026.shtml,https://www.baseball-reference.com/players/c/chapmar01.shtml
chapmar01,BOS,2025,batting,True,2,Aroldis Chapman,1988-02-28,"Holguin, Holguin, Cuba",L,L,76,6-4,235,2010-08-31,P,Boston Red Sox,89,73,89-73,2,0,0,0,0,0,0,0,0,0,0,0,0,,,,,,0,0,0,0,0,0,,,,,,,,,,,,,,,,,,,,,,,,,,,,,True,92,31,A,2026-08-06T03:29:28+00:00,https://www.baseball-reference.com/teams/BOS/2025.shtml,https://www.baseball-reference.com/players/c/chapmar01.shtml
chapmar01,BOS,2025,pitching,True,2,Aroldis Chapman,1988-02-28,"Holguin, Holguin, Cuba",L,L,76,6-4,235,2010-08-31,CL,Boston Red Sox,89,73,89-73,,,,,,,,,,,,,,,,,,,,,,,,,5,3,.625,1.17,67,0,43,0,0,32,61.1,28,9,8,3,15,0,85,0,0,6,228,347,0.701,4.1,0.4,2.2,12.5,True,92,31,A,2026-08-06T03:29:28+00:00,https://www.baseball-reference.com/teams/BOS/2025.shtml,https://www.baseball-reference.com/players/c/chapmar01.shtml
harpebr03,PHI,2026,batting,True,2,Bryce Harper,1992-10-16,"Las Vegas, NV, United States",L,R,73,6-1,210,2012-04-28,1B,Philadelphia Phillies,61,53,61-53,114,480,402,69,102,21,3,24,68,6,4,70,103,.254,.360,.500,.860,129,201,11,1,0,7,3,,,,,,,,,,,,,,,,,,,,,,,,,,,,,True,92,32,A,2026-08-06T03:32:31+00:00,https://www.baseball-reference.com/teams/PHI/2026.shtml,https://www.baseball-reference.com/players/h/harpebr03.shtml
harpebr03,PHI,2024,batting,True,2,Bryce Harper,1992-10-16,"Las Vegas, NV, United States",L,R,73,6-1,210,2012-04-28,1B,Philadelphia Phillies,95,67,95-67,145,631,550,85,157,42,0,30,87,7,4,76,138,.285,.373,.525,.898,146,289,18,2,1,2,11,,,,,,,,,,,,,,,,,,,,,,,,,,,,,True,92,32,A,2026-08-06T03:28:33+00:00,https://www.baseball-reference.com/teams/PHI/2024.shtml,https://www.baseball-reference.com/players/h/harpebr03.shtml
buxtoby01,MIN,2026,batting,True,2,Byron Buxton,1993-12-18,"Baxley, GA, United States",R,R,73,6-1,190,2015-06-14,CF,Minnesota Twins,56,58,56-58,82,362,331,57,87,16,1,25,45,7,1,24,88,.263,.320,.544,.864,138,180,2,5,0,2,2,,,,,,,,,,,,,,,,,,,,,,,,,,,,,True,95,14,A,2026-08-06T03:32:20+00:00,https://www.baseball-reference.com/teams/MIN/2026.shtml,https://www.baseball-reference.com/players/b/buxtoby01.shtml
buxtoby01,MIN,2025,batting,True,2,Byron Buxton,1993-12-18,"Baxley, GA, United States",R,R,73,6-1,190,2015-06-14,CF,Minnesota Twins,70,92,70-92,126,542,488,97,129,21,7,35,83,24,0,41,148,.264,.327,.551,.878,138,269,0,7,0,6,5,,,,,,,,,,,,,,,,,,,,,,,,,,,,,True,95,14,A,2026-08-06T03:30:14+00:00,https://www.baseball-reference.com/teams/MIN/2025.shtml,https://www.baseball-reference.com/players/b/buxtoby01.shtml
abramcj01,WSN,2026,batting,True,2,CJ Abrams,2000-10-03,"Alpharetta, GA, United States",L,R,72,6-0,191,2022-04-08,SS,Washington Nationals,55,60,55-60,111,474,416,69,119,22,2,28,85,20,5,42,107,.286,.361,.550,.911,149,229,5,10,0,6,2,,,,,,,,,,,,,,,,,,,,,,,,,,,,,False,,,,2026-08-06T03:33:04+00:00,https://www.baseball-reference.com/teams/WSN/2026.shtml,https://www.baseball-reference.com/players/a/abramcj01.shtml
abramcj01,WSN,2024,batting,True,2,CJ Abrams,2000-10-03,"Alpharetta, GA, United States",L,R,72,6-0,191,2022-04-08,SS,Washington Nationals,71,91,71-91,138,602,541,79,133,29,6,20,65,31,12,40,128,.246,.314,.433,.747,109,234,4,16,1,4,3,,,,,,,,,,,,,,,,,,,,,,,,,,,,,False,,,,2026-08-06T03:29:09+00:00,https://www.baseball-reference.com/teams/WSN/2024.shtml,https://www.baseball-reference.com/players/a/abramcj01.shtml
carroco02,ARI,2026,batting,True,2,Corbin Carroll,2000-08-21,"Seattle, WA, United States",L,L,70,5-10,180,2022-08-29,RF,Arizona Diamondbacks,60,54,60-54,110,478,414,67,100,22,12,16,52,15,2,55,109,.242,.337,.469,.805,119,194,6,6,0,3,2,,,,,,,,,,,,,,,,,,,,,,,,,,,,,True,89,47,A,2026-08-06T03:31:02+00:00,https://www.baseball-reference.com/teams/ARI/2026.shtml,https://www.baseball-reference.com/players/c/carroco02.shtml
carroco02,ARI,2025,batting,True,2,Corbin Carroll,2000-08-21,"Seattle, WA, United States",L,L,70,5-10,180,2022-08-29,RF,Arizona Diamondbacks,80,82,80-82,143,642,564,107,146,32,17,31,84,32,6,67,153,.259,.343,.541,.883,141,305,6,7,0,4,4,,,,,,,,,,,,,,,,,,,,,,,,,,,,,True,89,47,A,2026-08-06T03:29:12+00:00,https://www.baseball-reference.com/teams/ARI/2025.shtml,https://www.baseball-reference.com/players/c/carroco02.shtml
sanchcr01,PHI,2026,pitching,True,2,Cristopher Sánchez,1996-12-12,"La Romana, La Romana, Dominican Republic",L,L,78,6-6,200,2021-06-06,SP,Philadelphia Phillies,61,53,61-53,,,,,,,,,,,,,,,,,,,,,,,,,14,4,.778,2.61,23,23,0,1,1,0,144.2,141,48,42,12,33,0,168,4,0,3,603,171,1.203,8.8,0.7,2.1,10.5,True,93,25,A,2026-08-06T03:32:31+00:00,https://www.baseball-reference.com/teams/PHI/2026.shtml,https://www.baseball-reference.com/players/s/sanchcr01.shtml
sanchcr01,PHI,2024,pitching,True,2,Cristopher Sánchez,1996-12-12,"La Romana, La Romana, Dominican Republic",L,L,78,6-6,200,2021-06-06,SP,Philadelphia Phillies,95,67,95-67,,,,,,,,,,,,,,,,,,,,,,,,,11,9,.550,3.32,31,31,0,2,1,0,181.2,182,76,67,11,44,0,153,0,1,7,754,126,1.244,9.0,0.5,2.2,7.6,True,93,25,A,2026-08-06T03:28:33+00:00,https://www.baseball-reference.com/teams/PHI/2024.shtml,https://www.baseball-reference.com/players/s/sanchcr01.shtml
rasmudr01,TBR,2026,pitching,True,2,Drew Rasmussen,1995-07-27,"Puyallup, WA, United States",R,R,73,6-1,240,2020-08-19,SP,Tampa Bay Rays,67,46,67-46,,,,,,,,,,,,,,,,,,,,,,,,,10,5,.667,2.91,21,21,0,0,0,0,117.1,89,40,38,12,20,0,122,6,0,3,461,145,0.929,6.8,0.9,1.5,9.4,False,,,,2026-08-06T03:32:53+00:00,https://www.baseball-reference.com/teams/TBR/2026.shtml,https://www.baseball-reference.com/players/r/rasmudr01.shtml
rasmudr01,TBR,2025,pitching,True,2,Drew Rasmussen,1995-07-27,"Puyallup, WA, United States",R,R,73,6-1,240,2020-08-19,SP,Tampa Bay Rays,77,85,77-85,,,,,,,,,,,,,,,,,,,,,,,,,10,5,.667,2.76,31,31,0,0,0,0,150.0,116,47,46,18,37,1,127,5,0,3,585,150,1.020,7.0,1.1,2.2,7.6,False,,,,2026-08-06T03:30:48+00:00,https://www.baseball-reference.com/teams/TBR/2025.shtml,https://www.baseball-reference.com/players/r/rasmudr01.shtml
delacel01,CIN,2025,batting,True,2,Elly De La Cruz,2002-01-11,"Sabana Grande de Boya, Monte Plata, Dominican Republic",S,R,78,6-6,200,2023-06-06,SS,Cincinnati Reds,83,79,83-79,162,699,629,102,166,31,7,22,86,37,8,67,181,.264,.336,.440,.777,112,277,14,2,0,1,10,,,,,,,,,,,,,,,,,,,,,,,,,,,,,True,87,61,A,2026-08-06T03:29:37+00:00,https://www.baseball-reference.com/teams/CIN/2025.shtml,https://www.baseball-reference.com/players/d/delacel01.shtml
delacel01,CIN,2024,batting,True,2,Elly De La Cruz,2002-01-11,"Sabana Grande de Boya, Monte Plata, Dominican Republic",S,R,78,6-6,200,2023-06-06,SS,Cincinnati Reds,77,85,77-85,160,696,618,105,160,36,10,25,76,67,16,69,218,.259,.339,.471,.809,119,291,12,6,2,1,2,,,,,,,,,,,,,,,,,,,,,,,,,,,,,True,87,61,A,2026-08-06T03:27:44+00:00,https://www.baseball-reference.com/teams/CIN/2024.shtml,https://www.baseball-reference.com/players/d/delacel01.shtml
tatisfe02,SDP,2025,batting,True,2,Fernando Tatis Jr.,1999-01-02,"San Pedro de Macoris, San Pedro de Macoris, Dominican Republic",R,R,75,6-3,217,2019-03-28,RF,San Diego Padres,90,72,90-72,155,691,594,111,159,27,2,25,71,32,7,89,129,.268,.368,.446,.814,128,265,6,6,0,2,7,,,,,,,,,,,,,,,,,,,,,,,,,,,,,True,93,26,A,2026-08-06T03:30:32+00:00,https://www.baseball-reference.com/teams/SDP/2025.shtml,https://www.baseball-reference.com/players/t/tatisfe02.shtml
tatisfe02,SDP,2024,batting,True,2,Fernando Tatis Jr.,1999-01-02,"San Pedro de Macoris, San Pedro de Macoris, Dominican Republic",R,R,75,6-3,217,2019-03-28,RF,San Diego Padres,93,69,93-69,102,438,398,64,110,21,1,21,49,11,3,32,96,.276,.340,.492,.833,130,196,8,7,0,1,0,,,,,,,,,,,,,,,,,,,,,,,,,,,,,True,93,26,A,2026-08-06T03:28:41+00:00,https://www.baseball-reference.com/teams/SDP/2024.shtml,https://www.baseball-reference.com/players/t/tatisfe02.shtml
crochga01,BOS,2025,pitching,True,2,Garrett Crochet,1999-06-21,"Ocean Springs, MS, United States",L,L,78,6-6,245,2020-09-18,SP,Boston Red Sox,89,73,89-73,,,,,,,,,,,,,,,,,,,,,,,,,18,5,.783,2.59,32,32,0,1,1,0,205.1,165,62,59,24,46,0,255,3,3,7,814,157,1.028,7.2,1.1,2.0,11.2,True,99,3,A,2026-08-06T03:29:28+00:00,https://www.baseball-reference.com/teams/BOS/2025.shtml,https://www.baseball-reference.com/players/c/crochga01.shtml
crochga01,CHW,2024,pitching,True,2,Garrett Crochet,1999-06-21,"Ocean Springs, MS, United States",L,L,78,6-6,245,2020-09-18,SP,Chicago White Sox,41,121,41-121,,,,,,,,,,,,,,,,,,,,,,,,,6,12,.333,3.58,32,32,0,0,0,0,146.0,123,61,58,18,33,0,209,5,1,3,595,115,1.068,7.6,1.1,2.0,12.9,True,99,3,A,2026-08-06T03:27:39+00:00,https://www.baseball-reference.com/teams/CHW/2024.shtml,https://www.baseball-reference.com/players/c/crochga01.shtml
goodmhu01,COL,2026,batting,True,2,Hunter Goodman,1999-10-08,"Arlington, TN, United States",R,R,71,5-11,220,2023-08-27,C,Colorado Rockies,45,69,45-69,104,436,392,66,100,16,0,33,66,5,4,37,146,.255,.323,.548,.872,124,215,6,4,0,3,3,,,,,,,,,,,,,,,,,,,,,,,,,,,,,False,,,,2026-08-06T03:31:38+00:00,https://www.baseball-reference.com/teams/COL/2026.shtml,https://www.baseball-reference.com/players/g/goodmhu01.shtml
goodmhu01,COL,2025,batting,True,2,Hunter Goodman,1999-10-08,"Arlington, TN, United States",R,R,71,5-11,220,2023-08-27,C,Colorado Rockies,43,119,43-119,144,579,540,73,150,28,5,31,91,1,2,33,152,.278,.323,.520,.843,121,281,16,4,0,2,0,,,,,,,,,,,,,,,,,,,,,,,,,,,,,False,,,,2026-08-06T03:29:44+00:00,https://www.baseball-reference.com/teams/COL/2025.shtml,https://www.baseball-reference.com/players/g/goodmhu01.shtml
paredis01,HOU,2025,batting,True,2,Isaac Paredes,1999-02-18,"Hermosillo, Sonora, Mexico",R,R,71,5-11,213,2020-08-17,3B,Houston Astros,87,75,87-75,102,438,378,53,96,15,1,20,53,0,1,50,76,.254,.352,.458,.809,125,173,10,8,0,2,0,,,,,,,,,,,,,,,,,,,,,,,,,,,,,False,,,,2026-08-06T03:29:51+00:00,https://www.baseball-reference.com/teams/HOU/2025.shtml,https://www.baseball-reference.com/players/p/paredis01.shtml
paredis01,CHC,2024,batting,True,2,Isaac Paredes,1999-02-18,"Hermosillo, Sonora, Mexico",R,R,71,5-11,213,2020-08-17,3B,Chicago Cubs,83,79,83-79,52,212,179,23,40,6,0,3,25,1,0,24,37,.223,.325,.307,.633,82,55,4,5,0,4,0,,,,,,,,,,,,,,,,,,,,,,,,,,,,,False,,,,2026-08-06T03:27:36+00:00,https://www.baseball-reference.com/teams/CHC/2024.shtml,https://www.baseball-reference.com/players/p/paredis01.shtml
paredis01,TBR,2024,batting,True,2,Isaac Paredes,1999-02-18,"Hermosillo, Sonora, Mexico",R,R,71,5-11,213,2020-08-17,3B,Tampa Bay Rays,80,82,80-82,101,429,363,41,89,19,1,16,55,0,1,52,68,.245,.357,.435,.792,127,158,13,12,0,2,2,,,,,,,,,,,,,,,,,,,,,,,,,,,,,False,,,,2026-08-06T03:28:56+00:00,https://www.baseball-reference.com/teams/TBR/2024.shtml,https://www.baseball-reference.com/players/p/paredis01.shtml
misioja01,MIL,2026,pitching,True,2,Jacob Misiorowski,2002-04-03,"Blue Springs, MO, United States",R,R,79,6-7,201,2025-06-12,SP,Milwaukee Brewers,70,43,70-43,,,,,,,,,,,,,,,,,,,,,,,,,11,5,.688,1.63,21,21,0,1,1,0,127.0,64,31,23,11,29,0,195,9,1,5,480,256,0.732,4.5,0.8,2.1,13.8,False,,,,2026-08-06T03:32:16+00:00,https://www.baseball-reference.com/teams/MIL/2026.shtml,https://www.baseball-reference.com/players/m/misioja01.shtml
misioja01,MIL,2025,pitching,True,2,Jacob Misiorowski,2002-04-03,"Blue Springs, MO, United States",R,R,79,6-7,201,2025-06-12,SP,Milwaukee Brewers,97,65,97-65,,,,,,,,,,,,,,,,,,,,,,,,,5,3,.625,4.36,15,14,0,0,0,0,66.0,51,34,32,8,31,0,87,3,0,1,273,96,1.242,7.0,1.1,4.2,11.9,False,,,,2026-08-06T03:30:10+00:00,https://www.baseball-reference.com/teams/MIL/2025.shtml,https://www.baseball-reference.com/players/m/misioja01.shtml
woodja03,WSN,2026,batting,True,2,James Wood,2002-09-17,"Rockville, MD, United States",L,R,78,6-6,234,2024-07-01,RF,Washington Nationals,55,60,55-60,114,535,437,100,116,26,1,30,73,17,2,90,153,.265,.393,.535,.928,155,234,5,4,0,4,9,,,,,,,,,,,,,,,,,,,,,,,,,,,,,True,84,100,A,2026-08-06T03:33:04+00:00,https://www.baseball-reference.com/teams/WSN/2026.shtml,https://www.baseball-reference.com/players/w/woodja03.shtml
woodja03,WSN,2025,batting,True,2,James Wood,2002-09-17,"Rockville, MD, United States",L,R,78,6-6,234,2024-07-01,LF,Washington Nationals,66,96,66-96,157,689,598,87,153,38,0,31,94,15,7,85,221,.256,.350,.475,.825,130,284,12,3,0,3,8,,,,,,,,,,,,,,,,,,,,,,,,,,,,,True,84,100,A,2026-08-06T03:30:58+00:00,https://www.baseball-reference.com/teams/WSN/2025.shtml,https://www.baseball-reference.com/players/w/woodja03.shtml
ryanjo04,MIN,2026,pitching,True,2,Joe Ryan,1996-06-05,"San Francisco, CA, United States",R,R,74,6-2,205,2021-09-01,SP,Minnesota Twins,56,58,56-58,,,,,,,,,,,,,,,,,,,,,,,,,6,8,.429,3.65,23,23,0,0,0,0,125.2,116,63,51,17,27,0,138,5,0,2,523,116,1.138,8.3,1.2,1.9,9.9,True,93,27,A,2026-08-06T03:32:20+00:00,https://www.baseball-reference.com/teams/MIN/2026.shtml,https://www.baseball-reference.com/players/r/ryanjo04.shtml
ryanjo04,MIN,2025,pitching,True,2,Joe Ryan,1996-06-05,"San Francisco, CA, United States",R,R,74,6-2,205,2021-09-01,SP,Minnesota Twins,70,92,70-92,,,,,,,,,,,,,,,,,,,,,,,,,13,10,.565,3.42,31,30,0,0,0,0,171.0,138,69,65,26,39,0,194,12,2,0,689,122,1.035,7.3,1.4,2.1,10.2,True,93,27,A,2026-08-06T03:30:14+00:00,https://www.baseball-reference.com/teams/MIN/2025.shtml,https://www.baseball-reference.com/players/r/ryanjo04.shtml
ramirjo01,CLE,2025,batting,True,2,José Ramírez,1992-09-17,"Bani, Peravia, Dominican Republic",S,R,68,5-8,190,2013-09-01,3B,Cleveland Guardians,88,74,88-74,158,673,593,103,168,34,3,30,85,44,7,66,74,.283,.360,.503,.863,137,298,9,8,0,5,22,,,,,,,,,,,,,,,,,,,,,,,,,,,,,True,95,16,A,2026-08-06T03:29:41+00:00,https://www.baseball-reference.com/teams/CLE/2025.shtml,https://www.baseball-reference.com/players/r/ramirjo01.shtml
ramirjo01,CLE,2024,batting,True,2,José Ramírez,1992-09-17,"Bani, Peravia, Dominican Republic",S,R,68,5-8,190,2013-09-01,3B,Cleveland Guardians,92,69,92-69,158,682,620,114,173,39,2,39,118,41,7,54,82,.279,.335,.537,.872,143,333,9,1,0,6,12,,,,,,,,,,,,,,,,,,,,,,,,,,,,,True,95,16,A,2026-08-06T03:27:47+00:00,https://www.baseball-reference.com/teams/CLE/2024.shtml,https://www.baseball-reference.com/players/r/ramirjo01.shtml
sotoju01,NYM,2026,batting,True,2,Juan Soto,1998-10-25,"Santo Domingo, Distrito Nacional, Dominican Republic",L,L,73,6-1,224,2018-05-20,LF,New York Mets,48,66,48-66,84,359,293,46,83,8,2,21,52,7,3,63,48,.283,.408,.539,.947,162,158,4,0,0,2,9,,,,,,,,,,,,,,,,,,,,,,,,,,,,,True,98,8,A,2026-08-06T03:32:23+00:00,https://www.baseball-reference.com/teams/NYM/2026.shtml,https://www.baseball-reference.com/players/s/sotoju01.shtml
sotoju01,NYY,2024,batting,True,2,Juan Soto,1998-10-25,"Santo Domingo, Distrito Nacional, Dominican Republic",L,L,73,6-1,224,2018-05-20,RF,New York Yankees,94,68,94-68,157,713,576,128,166,31,4,41,109,7,4,129,119,.288,.419,.569,.989,179,328,10,4,0,4,2,,,,,,,,,,,,,,,,,,,,,,,,,,,,,True,98,8,A,2026-08-06T03:26:30+00:00,https://www.baseball-reference.com/teams/NYY/2024.shtml,https://www.baseball-reference.com/players/s/sotoju01.shtml
caminju01,TBR,2026,batting,True,2,Junior Caminero,2003-07-05,"Santo Domingo, Distrito Nacional, Dominican Republic",R,R,73,6-1,220,2023-09-23,3B,Tampa Bay Rays,67,46,67-46,113,494,430,69,122,18,1,32,70,2,2,60,91,.284,.372,.553,.926,156,238,20,2,0,2,9,,,,,,,,,,,,,,,,,,,,,,,,,,,,,True,88,53,B,2026-08-06T03:32:53+00:00,https://www.baseball-reference.com/teams/TBR/2026.shtml,https://www.baseball-reference.com/players/c/caminju01.shtml
caminju01,TBR,2025,batting,True,2,Junior Caminero,2003-07-05,"Santo Domingo, Distrito Nacional, Dominican Republic",R,R,73,6-1,220,2023-09-23,3B,Tampa Bay Rays,77,85,77-85,154,653,602,93,159,28,0,45,110,7,1,41,125,.264,.311,.535,.846,130,322,31,3,0,7,1,,,,,,,,,,,,,,,,,,,,,,,,,,,,,True,88,53,B,2026-08-06T03:30:48+00:00,https://www.baseball-reference.com/teams/TBR/2025.shtml,https://www.baseball-reference.com/players/c/caminju01.shtml
marteke01,ARI,2025,batting,True,2,Ketel Marte,1993-10-12,"Nizao, Peravia, Dominican Republic",S,R,72,6-0,210,2015-07-31,2B,Arizona Diamondbacks,80,82,80-82,126,556,480,87,136,28,0,28,72,4,2,64,83,.283,.376,.517,.893,146,248,12,9,0,3,6,,,,,,,,,,,,,,,,,,,,,,,,,,,,,True,97,11,A,2026-08-06T03:29:12+00:00,https://www.baseball-reference.com/teams/ARI/2025.shtml,https://www.baseball-reference.com/players/m/marteke01.shtml
marteke01,ARI,2024,batting,True,2,Ketel Marte,1993-10-12,"Nizao, Peravia, Dominican Republic",S,R,72,6-0,210,2015-07-31,2B,Arizona Diamondbacks,89,73,89-73,136,583,504,93,147,23,2,36,95,7,1,65,106,.292,.372,.560,.932,154,282,9,5,0,9,7,,,,,,,,,,,,,,,,,,,,,,,,,,,,,True,97,11,A,2026-08-06T03:27:23+00:00,https://www.baseball-reference.com/teams/ARI/2024.shtml,https://www.baseball-reference.com/players/m/marteke01.shtml
schwaky01,PHI,2026,batting,True,2,Kyle Schwarber,1993-03-05,"Middletown, OH, United States",L,R,71,5-11,229,2015-06-16,DH,Philadelphia Phillies,61,53,61-53,108,478,399,65,97,12,1,33,63,2,1,71,165,.243,.362,.526,.888,136,210,1,5,0,3,3,,,,,,,,,,,,,,,,,,,,,,,,,,,,,False,,,,2026-08-06T03:32:31+00:00,https://www.baseball-reference.com/teams/PHI/2026.shtml,https://www.baseball-reference.com/players/s/schwaky01.shtml
schwaky01,PHI,2025,batting,True,2,Kyle Schwarber,1993-03-05,"Middletown, OH, United States",L,R,71,5-11,229,2015-06-16,DH,Philadelphia Phillies,96,66,96-66,162,724,604,111,145,23,2,56,132,10,2,108,197,.240,.365,.563,.928,150,340,4,11,0,1,6,,,,,,,,,,,,,,,,,,,,,,,,,,,,,False,,,,2026-08-06T03:30:25+00:00,https://www.baseball-reference.com/teams/PHI/2025.shtml,https://www.baseball-reference.com/players/s/schwaky01.shtml
tuckeky01,CHC,2025,batting,True,2,Kyle Tucker,1997-01-17,"Tampa, FL, United States",L,R,75,6-3,212,2018-07-07,RF,Chicago Cubs,92,70,92-70,136,597,500,91,133,25,4,22,73,25,3,87,88,.266,.377,.464,.841,139,232,8,4,1,3,7,,,,,,,,,,,,,,,,,,,,,,,,,,,,,True,93,29,A,2026-08-06T03:29:31+00:00,https://www.baseball-reference.com/teams/CHC/2025.shtml,https://www.baseball-reference.com/players/t/tuckeky01.shtml
tuckeky01,HOU,2024,batting,True,2,Kyle Tucker,1997-01-17,"Tampa, FL, United States",L,R,75,6-3,212,2018-07-07,RF,Houston Astros,88,73,88-73,78,339,277,56,80,13,0,23,49,11,0,56,54,.289,.408,.585,.993,179,162,5,1,0,2,3,,,,,,,,,,,,,,,,,,,,,,,,,,,,,True,93,29,A,2026-08-06T03:27:57+00:00,https://www.baseball-reference.com/teams/HOU/2024.shtml,https://www.baseball-reference.com/players/t/tuckeky01.shtml
arraelu01,PHI,2026,batting,True,2,Luis Arraez,1997-04-09,"San Felipe, Yaracuy, Venezuela",L,R,70,5-10,186,2019-05-18,2B,Philadelphia Phillies,61,53,61-53,1,4,4,1,2,1,0,0,2,0,0,0,0,.500,.500,.750,1.250,231,3,0,0,0,0,0,,,,,,,,,,,,,,,,,,,,,,,,,,,,,False,,,,2026-08-06T03:32:31+00:00,https://www.baseball-reference.com/teams/PHI/2026.shtml,https://www.baseball-reference.com/players/a/arraelu01.shtml
arraelu01,SFG,2026,batting,True,2,Luis Arraez,1997-04-09,"San Felipe, Yaracuy, Venezuela",L,R,70,5-10,186,2019-05-18,2B,San Francisco Giants,48,66,48-66,105,464,420,52,136,23,7,4,43,10,0,25,21,.324,.360,.440,.801,127,185,7,4,6,9,4,,,,,,,,,,,,,,,,,,,,,,,,,,,,,False,,,,2026-08-06T03:32:47+00:00,https://www.baseball-reference.com/teams/SFG/2026.shtml,https://www.baseball-reference.com/players/a/arraelu01.shtml
arraelu01,MIA,2024,batting,True,2,Luis Arraez,1997-04-09,"San Felipe, Yaracuy, Venezuela",L,R,70,5-10,186,2019-05-18,2B,Miami Marlins,62,100,62-100,33,148,137,22,41,8,1,0,5,0,0,8,11,.299,.347,.372,.719,100,51,5,2,1,0,0,,,,,,,,,,,,,,,,,,,,,,,,,,,,,False,,,,2026-08-06T03:28:13+00:00,https://www.baseball-reference.com/teams/MIA/2024.shtml,https://www.baseball-reference.com/players/a/arraelu01.shtml
arraelu01,SDP,2024,batting,True,2,Luis Arraez,1997-04-09,"San Felipe, Yaracuy, Venezuela",L,R,70,5-10,186,2019-05-18,DH,San Diego Padres,93,69,93-69,117,524,500,61,159,24,2,4,41,9,3,16,18,.318,.346,.398,.744,108,199,13,6,1,1,3,,,,,,,,,,,,,,,,,,,,,,,,,,,,,False,,,,2026-08-06T03:28:41+00:00,https://www.baseball-reference.com/teams/SDP/2024.shtml,https://www.baseball-reference.com/players/a/arraelu01.shtml
millema03,SDP,2026,pitching,True,2,Mason Miller,1998-08-24,"Pittsburgh, PA, United States",R,R,77,6-5,200,2023-04-19,CL,San Diego Padres,59,55,59-55,,,,,,,,,,,,,,,,,,,,,,,,,4,1,.800,0.76,45,0,40,0,0,28,47.1,22,6,4,0,16,1,88,1,0,4,179,541,0.803,4.2,0.0,3.0,16.7,True,90,45,A,2026-08-06T03:32:39+00:00,https://www.baseball-reference.com/teams/SDP/2026.shtml,https://www.baseball-reference.com/players/m/millema03.shtml
millema03,OAK,2024,pitching,True,2,Mason Miller,1998-08-24,"Pittsburgh, PA, United States",R,R,77,6-5,200,2023-04-19,CL,Oakland Athletics,69,93,69-93,,,,,,,,,,,,,,,,,,,,,,,,,2,2,.500,2.49,55,0,44,0,0,28,65.0,36,23,18,6,21,3,104,1,0,2,249,159,0.877,5.0,0.8,2.9,14.4,True,90,45,A,2026-08-06T03:28:29+00:00,https://www.baseball-reference.com/teams/OAK/2024.shtml,https://www.baseball-reference.com/players/m/millema03.shtml
olsonma02,ATL,2026,batting,True,2,Matt Olson,1994-03-29,"Atlanta, GA, United States",L,R,76,6-4,225,2016-09-12,1B,Atlanta Braves,68,45,68-45,113,495,439,78,118,28,0,31,69,2,0,50,121,.269,.345,.544,.890,142,239,6,3,0,3,3,,,,,,,,,,,,,,,,,,,,,,,,,,,,,True,87,66,B,2026-08-06T03:31:09+00:00,https://www.baseball-reference.com/teams/ATL/2026.shtml,https://www.baseball-reference.com/players/o/olsonma02.shtml
olsonma02,ATL,2025,batting,True,2,Matt Olson,1994-03-29,"Atlanta, GA, United States",L,R,76,6-4,225,2016-09-12,1B,Atlanta Braves,76,86,76-86,162,724,624,98,170,41,2,29,95,1,0,91,176,.272,.366,.484,.850,137,302,14,4,0,5,2,,,,,,,,,,,,,,,,,,,,,,,,,,,,,True,87,66,B,2026-08-06T03:29:20+00:00,https://www.baseball-reference.com/teams/ATL/2025.shtml,https://www.baseball-reference.com/players/o/olsonma02.shtml
friedma01,NYY,2025,pitching,True,2,Max Fried,1994-01-18,"Santa Monica, CA, United States",L,L,76,6-4,190,2017-08-08,SP,New York Yankees,94,68,94-68,,,,,,,,,,,,,,,,,,,,,,,,,19,5,.792,2.86,32,32,0,0,0,0,195.1,164,73,62,14,51,0,189,10,1,8,801,145,1.101,7.6,0.6,2.3,8.7,True,94,23,A,2026-08-06T03:30:21+00:00,https://www.baseball-reference.com/teams/NYY/2025.shtml,https://www.baseball-reference.com/players/f/friedma01.shtml
friedma01,ATL,2024,pitching,True,2,Max Fried,1994-01-18,"Santa Monica, CA, United States",L,L,76,6-4,190,2017-08-08,SP,Atlanta Braves,89,73,89-73,,,,,,,,,,,,,,,,,,,,,,,,,11,10,.524,3.25,29,29,0,2,1,0,174.1,146,71,63,13,57,0,166,7,0,6,714,128,1.164,7.5,0.7,2.9,8.6,True,94,23,A,2026-08-06T03:27:26+00:00,https://www.baseball-reference.com/teams/ATL/2024.shtml,https://www.baseball-reference.com/players/f/friedma01.shtml
alonspe01,NYM,2025,batting,True,2,Pete Alonso,1994-12-07,"Tampa, FL, United States",R,R,75,6-3,245,2019-03-28,1B,New York Mets,83,79,83-79,162,709,624,87,170,41,1,38,126,1,2,61,162,.272,.347,.524,.871,143,327,23,15,0,9,5,,,,,,,,,,,,,,,,,,,,,,,,,,,,,True,85,88,A,2026-08-06T03:30:17+00:00,https://www.baseball-reference.com/teams/NYM/2025.shtml,https://www.baseball-reference.com/players/a/alonspe01.shtml
alonspe01,NYM,2024,batting,True,2,Pete Alonso,1994-12-07,"Tampa, FL, United States",R,R,75,6-3,245,2019-03-28,1B,New York Mets,89,73,89-73,162,695,608,91,146,31,0,34,88,3,0,70,172,.240,.329,.459,.788,122,279,14,13,0,4,4,,,,,,,,,,,,,,,,,,,,,,,,,,,,,True,85,88,A,2026-08-06T03:28:24+00:00,https://www.baseball-reference.com/teams/NYM/2024.shtml,https://www.baseball-reference.com/players/a/alonspe01.shtml
crowape01,CHC,2026,batting,True,2,Pete Crow-Armstrong,2002-03-25,"Sherman Oaks, CA, United States",L,L,72,6-0,184,2023-09-11,CF,Chicago Cubs,65,49,65-49,114,501,426,76,121,21,7,24,65,28,7,60,133,.284,.384,.535,.919,154,228,2,11,1,3,4,,,,,,,,,,,,,,,,,,,,,,,,,,,,,True,90,46,A,2026-08-06T03:31:21+00:00,https://www.baseball-reference.com/teams/CHC/2026.shtml,https://www.baseball-reference.com/players/c/crowape01.shtml
crowape01,CHC,2025,batting,True,2,Pete Crow-Armstrong,2002-03-25,"Sherman Oaks, CA, United States",L,L,72,6-0,184,2023-09-11,CF,Chicago Cubs,92,70,92-70,157,647,591,91,146,37,4,31,95,35,8,29,155,.247,.287,.481,.768,115,284,1,9,6,12,1,,,,,,,,,,,,,,,,,,,,,,,,,,,,,True,90,46,A,2026-08-06T03:29:31+00:00,https://www.baseball-reference.com/teams/CHC/2025.shtml,https://www.baseball-reference.com/players/c/crowape01.shtml
arozara01,SEA,2026,batting,True,2,Randy Arozarena,1995-02-28,"Mantua, Pinar del Rio, Cuba",R,R,70,5-10,185,2019-08-14,LF,Seattle Mariners,55,59,55-59,106,454,390,72,110,23,1,14,49,20,6,44,95,.282,.377,.454,.830,139,177,11,17,0,3,0,,,,,,,,,,,,,,,,,,,,,,,,,,,,,False,,,,2026-08-06T03:32:43+00:00,https://www.baseball-reference.com/teams/SEA/2026.shtml,https://www.baseball-reference.com/players/a/arozara01.shtml
arozara01,SEA,2025,batting,True,2,Randy Arozarena,1995-02-28,"Mantua, Pinar del Rio, Cuba",R,R,70,5-10,185,2019-08-14,LF,Seattle Mariners,90,72,90-72,160,709,613,95,146,32,1,27,76,31,6,64,191,.238,.334,.426,.760,118,261,9,27,0,5,2,,,,,,,,,,,,,,,,,,,,,,,,,,,,,False,,,,2026-08-06T03:30:36+00:00,https://www.baseball-reference.com/teams/SEA/2025.shtml,https://www.baseball-reference.com/players/a/arozara01.shtml
suarera01,BOS,2026,pitching,True,2,Ranger Suarez,1995-08-26,"Pie de Cuesta, Lara, Venezuela",L,L,73,6-1,217,2018-07-26,SP,Boston Red Sox,61,51,61-51,,,,,,,,,,,,,,,,,,,,,,,,,4,3,.571,3.15,19,19,0,0,0,0,100.0,88,37,35,5,28,0,105,2,0,0,409,129,1.160,7.9,0.5,2.5,9.5,True,88,57,A,2026-08-06T03:31:17+00:00,https://www.baseball-reference.com/teams/BOS/2026.shtml,https://www.baseball-reference.com/players/s/suarera01.shtml
suarera01,PHI,2024,pitching,True,2,Ranger Suarez,1995-08-26,"Pie de Cuesta, Lara, Venezuela",L,L,73,6-1,217,2018-07-26,SP,Philadelphia Phillies,95,67,95-67,,,,,,,,,,,,,,,,,,,,,,,,,12,8,.600,3.46,27,27,0,1,1,0,150.2,140,63,58,14,41,1,145,5,2,1,626,121,1.201,8.4,0.8,2.4,8.7,True,88,57,A,2026-08-06T03:28:33+00:00,https://www.baseball-reference.com/teams/PHI/2024.shtml,https://www.baseball-reference.com/players/s/suarera01.shtml
suarero01,SDP,2025,pitching,True,2,Robert Suarez,1991-03-01,"Bolivar, Bolivar, Venezuela",R,R,74,6-2,210,2022-04-07,CL,San Diego Padres,90,72,90-72,,,,,,,,,,,,,,,,,,,,,,,,,4,6,.400,2.97,70,0,56,0,0,40,69.2,47,24,23,6,16,2,75,2,0,1,269,141,0.904,6.1,0.8,2.1,9.7,False,,,,2026-08-06T03:30:32+00:00,https://www.baseball-reference.com/teams/SDP/2025.shtml,https://www.baseball-reference.com/players/s/suarero01.shtml
suarero01,SDP,2024,pitching,True,2,Robert Suarez,1991-03-01,"Bolivar, Bolivar, Venezuela",R,R,74,6-2,210,2022-04-07,CL,San Diego Padres,93,69,93-69,,,,,,,,,,,,,,,,,,,,,,,,,9,3,.750,2.77,65,0,55,0,0,36,65.0,52,21,20,7,16,1,59,0,0,1,258,149,1.046,7.2,1.0,2.2,8.2,False,,,,2026-08-06T03:28:41+00:00,https://www.baseball-reference.com/teams/SDP/2024.shtml,https://www.baseball-reference.com/players/s/suarero01.shtml
kwanst01,CLE,2025,batting,True,2,Steven Kwan,1997-09-05,"Los Gatos, CA, United States",L,L,68,5-8,170,2022-04-07,LF,Cleveland Guardians,88,74,88-74,156,693,625,81,170,29,1,11,56,21,5,55,60,.272,.330,.374,.705,96,234,3,3,3,7,2,,,,,,,,,,,,,,,,,,,,,,,,,,,,,False,,,,2026-08-06T03:29:41+00:00,https://www.baseball-reference.com/teams/CLE/2025.shtml,https://www.baseball-reference.com/players/k/kwanst01.shtml
kwanst01,CLE,2024,batting,True,2,Steven Kwan,1997-09-05,"Los Gatos, CA, United States",L,L,68,5-8,170,2022-04-07,LF,Cleveland Guardians,92,69,92-69,122,540,480,83,140,16,3,14,44,12,5,53,51,.292,.368,.425,.793,126,204,5,5,2,0,0,,,,,,,,,,,,,,,,,,,,,,,,,,,,,False,,,,2026-08-06T03:27:47+00:00,https://www.baseball-reference.com/teams/CLE/2024.shtml,https://www.baseball-reference.com/players/k/kwanst01.shtml
skubata01,DET,2025,pitching,True,2,Tarik Skubal,1996-11-20,"Hayward, CA, United States",R,L,75,6-3,240,2020-08-18,SP,Detroit Tigers,87,75,87-75,,,,,,,,,,,,,,,,,,,,,,,,,13,6,.684,2.21,31,31,0,1,1,0,195.1,141,55,48,18,33,0,241,5,2,3,748,187,0.891,6.5,0.8,1.5,11.1,True,99,6,A,2026-08-06T03:29:48+00:00,https://www.baseball-reference.com/teams/DET/2025.shtml,https://www.baseball-reference.com/players/s/skubata01.shtml
skubata01,DET,2024,pitching,True,2,Tarik Skubal,1996-11-20,"Hayward, CA, United States",R,L,75,6-3,240,2020-08-18,SP,Detroit Tigers,86,76,86-76,,,,,,,,,,,,,,,,,,,,,,,,,18,4,.818,2.39,31,31,0,0,0,0,192.0,142,54,51,15,35,0,228,9,0,2,753,174,0.922,6.7,0.7,1.6,10.7,True,99,6,A,2026-08-06T03:27:54+00:00,https://www.baseball-reference.com/teams/DET/2024.shtml,https://www.baseball-reference.com/players/s/skubata01.shtml
smithwi05,LAD,2025,batting,True,2,Will Smith,1995-03-28,"Louisville, KY, United States",R,R,70,5-10,195,2019-05-28,C,Los Angeles Dodgers,93,69,93-69,110,436,362,64,107,20,1,17,61,2,3,64,89,.296,.404,.497,.901,153,180,7,5,0,5,1,,,,,,,,,,,,,,,,,,,,,,,,,,,,,True,88,58,A,2026-08-06T03:30:03+00:00,https://www.baseball-reference.com/teams/LAD/2025.shtml,https://www.baseball-reference.com/players/s/smithwi05.shtml
smithwi05,LAD,2024,batting,True,2,Will Smith,1995-03-28,"Louisville, KY, United States",R,R,70,5-10,195,2019-05-28,C,Los Angeles Dodgers,98,64,98-64,128,544,476,77,118,24,2,20,75,1,1,51,105,.248,.327,.433,.760,114,206,8,9,0,8,6,,,,,,,,,,,,,,,,,,,,,,,,,,,,,True,88,58,A,2026-08-06T03:28:09+00:00,https://www.baseball-reference.com/teams/LAD/2024.shtml,https://www.baseball-reference.com/players/s/smithwi05.shtml
contrwi02,MIL,2026,batting,True,2,William Contreras,1997-12-24,"Puerto Cabello, Carabobo, Venezuela",R,R,70,5-10,217,2020-07-24,C,Milwaukee Brewers,70,43,70-43,105,450,404,54,109,17,1,10,57,1,2,38,64,.270,.333,.391,.724,100,158,12,3,0,5,4,,,,,,,,,,,,,,,,,,,,,,,,,,,,,True,87,71,A,2026-08-06T03:32:16+00:00,https://www.baseball-reference.com/teams/MIL/2026.shtml,https://www.baseball-reference.com/players/c/contrwi02.shtml
contrwi02,MIL,2024,batting,True,2,William Contreras,1997-12-24,"Puerto Cabello, Carabobo, Venezuela",R,R,70,5-10,217,2020-07-24,C,Milwaukee Brewers,93,69,93-69,155,679,595,99,167,37,2,23,92,9,2,78,139,.281,.365,.466,.831,130,277,19,3,0,3,5,,,,,,,,,,,,,,,,,,,,,,,,,,,,,True,87,71,A,2026-08-06T03:28:17+00:00,https://www.baseball-reference.com/teams/MIL/2024.shtml,https://www.baseball-reference.com/players/c/contrwi02.shtml
alvaryo01,HOU,2026,batting,True,2,Yordan Alvarez,1997-06-27,"Las Tunas, Cuba",L,R,76,6-4,237,2019-06-09,DH,Houston Astros,59,56,59-56,113,499,410,78,135,24,0,35,84,1,0,80,85,.329,.443,.644,1.087,202,264,5,6,0,3,23,,,,,,,,,,,,,,,,,,,,,,,,,,,,,True,91,39,A,2026-08-06T03:31:45+00:00,https://www.baseball-reference.com/teams/HOU/2026.shtml,https://www.baseball-reference.com/players/a/alvaryo01.shtml
alvaryo01,HOU,2024,batting,True,2,Yordan Alvarez,1997-06-27,"Las Tunas, Cuba",L,R,76,6-4,237,2019-06-09,DH,Houston Astros,88,73,88-73,147,635,552,88,170,34,2,35,86,6,0,69,95,.308,.392,.567,.959,170,313,14,10,0,4,16,,,,,,,,,,,,,,,,,,,,,,,,,,,,,True,91,39,A,2026-08-06T03:27:57+00:00,https://www.baseball-reference.com/teams/HOU/2024.shtml,https://www.baseball-reference.com/players/a/alvaryo01.shtml
yamamyo01,LAD,2026,pitching,True,2,Yoshinobu Yamamoto,1998-08-17,"Bizen, Japan",R,R,70,5-10,176,2024-03-21,SP,Los Angeles Dodgers,69,45,69-45,,,,,,,,,,,,,,,,,,,,,,,,,11,7,.611,2.76,20,20,0,1,0,0,133.2,89,42,41,15,29,1,121,3,0,2,509,150,0.883,6.0,1.0,2.0,8.1,True,95,18,A,2026-08-06T03:31:56+00:00,https://www.baseball-reference.com/teams/LAD/2026.shtml,https://www.baseball-reference.com/players/y/yamamyo01.shtml
yamamyo01,LAD,2025,pitching,True,2,Yoshinobu Yamamoto,1998-08-17,"Bizen, Japan",R,R,70,5-10,176,2024-03-21,SP,Los Angeles Dodgers,93,69,93-69,,,,,,,,,,,,,,,,,,,,,,,,,12,8,.600,2.49,30,30,0,0,0,0,173.2,113,53,48,14,59,0,201,3,0,5,684,165,0.990,5.9,0.7,3.1,10.4,True,95,18,A,2026-08-06T03:30:03+00:00,https://www.baseball-reference.com/teams/LAD/2025.shtml,https://www.baseball-reference.com/players/y/yamamyo01.shtml
wheelza01,PHI,2025,pitching,True,2,Zack Wheeler,1990-05-30,"Smyrna, GA, United States",L,R,76,6-4,195,2013-06-18,SP,Philadelphia Phillies,96,66,96-66,,,,,,,,,,,,,,,,,,,,,,,,,10,5,.667,2.71,24,24,0,1,0,0,149.2,107,48,45,19,33,0,195,8,0,2,585,164,0.935,6.4,1.1,2.0,11.7,True,99,7,A,2026-08-06T03:30:25+00:00,https://www.baseball-reference.com/teams/PHI/2025.shtml,https://www.baseball-reference.com/players/w/wheelza01.shtml
wheelza01,PHI,2024,pitching,True,2,Zack Wheeler,1990-05-30,"Smyrna, GA, United States",L,R,76,6-4,195,2013-06-18,SP,Philadelphia Phillies,95,67,95-67,,,,,,,,,,,,,,,,,,,,,,,,,16,7,.696,2.57,32,32,0,0,0,0,200.0,139,62,57,20,52,0,224,8,0,8,787,163,0.955,6.3,0.9,2.3,10.1,True,99,7,A,2026-08-06T03:28:33+00:00,https://www.baseball-reference.com/teams/PHI/2024.shtml,https://www.baseball-reference.com/players/w/wheelza01.shtml
morejad01,SDP,2025,pitching,True,1,Adrián Morejón,1999-02-27,"La Habana, La Habana, Cuba",L,L,71,5-11,224,2019-07-21,RP,San Diego Padres,90,72,90-72,,,,,,,,,,,,,,,,,,,,,,,,,13,6,.684,2.08,75,0,9,0,0,3,73.2,49,23,17,2,17,3,70,0,0,2,286,202,0.896,6.0,0.2,2.1,8.6,False,,,,2026-08-06T03:30:32+00:00,https://www.baseball-reference.com/teams/SDP/2025.shtml,https://www.baseball-reference.com/players/m/morejad01.shtml
bohmal01,PHI,2024,batting,True,1,Alec Bohm,1996-08-03,"Omaha, NE, United States",R,R,76,6-4,218,2020-08-13,3B,Philadelphia Phillies,95,67,95-67,143,606,554,62,155,44,2,15,97,5,2,40,86,.280,.332,.448,.779,114,248,18,6,0,6,2,,,,,,,,,,,,,,,,,,,,,,,,,,,,,False,,,,2026-08-06T03:28:33+00:00,https://www.baseball-reference.com/teams/PHI/2024.shtml,https://www.baseball-reference.com/players/b/bohmal01.shtml
kirkal01,TOR,2025,batting,True,1,Alejandro Kirk,1998-11-06,"Tijuana, Baja California, Mexico",R,R,68,5-8,245,2020-09-12,C,Toronto Blue Jays,94,68,94-68,130,506,451,45,127,18,0,15,76,1,0,48,59,.282,.348,.421,.769,110,190,16,1,0,6,2,,,,,,,,,,,,,,,,,,,,,,,,,,,,,True,86,72,B,2026-08-06T03:30:55+00:00,https://www.baseball-reference.com/teams/TOR/2025.shtml,https://www.baseball-reference.com/players/k/kirkal01.shtml
bregmal01,BOS,2025,batting,True,1,Alex Bregman,1994-03-30,"Albuquerque, NM, United States",R,R,70,5-10,190,2016-07-25,3B,Boston Red Sox,89,73,89-73,114,495,433,64,118,28,0,18,62,1,1,51,70,.273,.360,.462,.821,129,200,12,9,0,2,3,,,,,,,,,,,,,,,,,,,,,,,,,,,,,True,87,59,A,2026-08-06T03:29:28+00:00,https://www.baseball-reference.com/teams/BOS/2025.shtml,https://www.baseball-reference.com/players/b/bregmal01.shtml
abbotan01,CIN,2025,pitching,True,1,Andrew Abbott,1999-06-01,"Lynchburg, VA, United States",L,L,72,6-0,192,2023-06-05,SP,Cincinnati Reds,83,79,83-79,,,,,,,,,,,,,,,,,,,,,,,,,10,7,.588,2.87,29,29,0,1,1,0,166.1,148,60,53,19,43,0,149,3,0,4,684,155,1.148,8.0,1.0,2.3,8.1,False,,,,2026-08-06T03:29:37+00:00,https://www.baseball-reference.com/teams/CIN/2025.shtml,https://www.baseball-reference.com/players/a/abbotan01.shtml
pagesan01,LAD,2026,batting,True,1,Andy Pages,2000-12-08,"La Habana, La Habana, Cuba",R,R,73,6-1,212,2024-04-16,CF,Los Angeles Dodgers,69,45,69-45,113,487,437,65,117,23,2,18,74,10,6,39,97,.268,.333,.453,.786,116,198,11,6,0,5,1,,,,,,,,,,,,,,,,,,,,,,,,,,,,,False,,,,2026-08-06T03:31:56+00:00,https://www.baseball-reference.com/teams/LAD/2026.shtml,https://www.baseball-reference.com/players/p/pagesan01.shtml
santaan02,BAL,2024,batting,True,1,Anthony Santander,1994-10-19,"Margarita, Nueva Esparta, Venezuela",S,R,73,6-1,230,2017-08-18,RF,Baltimore Orioles,91,71,91-71,155,665,595,91,140,25,2,44,102,2,0,58,129,.235,.308,.506,.814,131,301,9,7,0,5,3,,,,,,,,,,,,,,,,,,,,,,,,,,,,,False,,,,2026-08-06T03:27:30+00:00,https://www.baseball-reference.com/teams/BAL/2024.shtml,https://www.baseball-reference.com/players/s/santaan02.shtml
ricebe01,NYY,2026,batting,True,1,Ben Rice,1999-02-22,"Cohasset, MA, United States",L,R,74,6-2,228,2024-06-18,DH,New York Yankees,64,50,64-50,109,465,405,70,106,19,3,31,73,2,0,55,115,.262,.353,.553,.906,149,224,10,3,0,2,4,,,,,,,,,,,,,,,,,,,,,,,,,,,,,False,,,,2026-08-06T03:32:27+00:00,https://www.baseball-reference.com/teams/NYY/2026.shtml,https://www.baseball-reference.com/players/r/ricebe01.shtml
lowebr01,TBR,2025,batting,True,1,Brandon Lowe,1994-07-06,"Suffolk, VA, United States",L,R,69,5-9,181,2018-08-05,2B,Tampa Bay Rays,77,85,77-85,134,553,507,79,130,19,0,31,83,3,2,38,149,.256,.307,.477,.785,115,242,6,2,0,6,1,,,,,,,,,,,,,,,,,,,,,,,,,,,,,False,,,,2026-08-06T03:30:48+00:00,https://www.baseball-reference.com/teams/TBR/2025.shtml,https://www.baseball-reference.com/players/l/lowebr01.shtml
marshbr02,PHI,2026,batting,True,1,Brandon Marsh,1997-12-18,"Buford, GA, United States",L,R,74,6-2,215,2021-07-18,LF,Philadelphia Phillies,61,53,61-53,109,425,398,57,111,16,2,16,50,10,3,22,111,.279,.318,.450,.767,104,179,3,2,0,3,3,,,,,,,,,,,,,,,,,,,,,,,,,,,,,False,,,,2026-08-06T03:32:31+00:00,https://www.baseball-reference.com/teams/PHI/2026.shtml,https://www.baseball-reference.com/players/m/marshbr02.shtml
ashcrbr01,PIT,2026,pitching,True,1,Braxton Ashcraft,1999-10-05,"Waco, TX, United States",L,R,77,6-5,218,2025-05-26,SP,Pittsburgh Pirates,57,58,57-58,,,,,,,,,,,,,,,,,,,,,,,,,11,4,.733,3.96,22,22,0,0,0,0,127.1,117,61,56,17,31,0,140,7,0,1,526,109,1.162,8.3,1.2,2.2,9.9,False,,,,2026-08-06T03:32:36+00:00,https://www.baseball-reference.com/teams/PIT/2026.shtml,https://www.baseball-reference.com/players/a/ashcrbr01.shtml
donovbr01,STL,2025,batting,True,1,Brendan Donovan,1997-01-16,"Wurzburg, Bavaria, Germany",L,R,71,5-11,210,2022-04-25,2B,St. Louis Cardinals,78,84,78-84,118,515,460,64,132,32,0,10,50,3,3,42,67,.287,.353,.422,.775,120,194,4,7,2,4,3,,,,,,,,,,,,,,,,,,,,,,,,,,,,,False,,,,2026-08-06T03:30:44+00:00,https://www.baseball-reference.com/teams/STL/2025.shtml,https://www.baseball-reference.com/players/d/donovbr01.shtml
rookebr01,ATH,2025,batting,True,1,Brent Rooker,1994-11-01,"Germantown, TN, United States",R,R,75,6-3,225,2020-09-04,DH,Athletics,76,86,76-86,162,699,626,92,164,40,3,30,89,6,1,65,155,.262,.335,.479,.814,122,300,13,5,0,2,4,,,,,,,,,,,,,,,,,,,,,,,,,,,,,True,86,74,A,2026-08-06T03:29:16+00:00,https://www.baseball-reference.com/teams/ATH/2025.shtml,https://www.baseball-reference.com/players/r/rookebr01.shtml
bakerbr01,TBR,2026,pitching,True,1,Bryan Baker,1994-12-02,"Fort Walton Beach, FL, United States",R,R,78,6-6,235,2021-09-05,CL,Tampa Bay Rays,67,46,67-46,,,,,,,,,,,,,,,,,,,,,,,,,1,0,1.000,1.42,46,0,35,0,0,32,44.1,22,7,7,2,15,0,48,1,1,0,170,299,0.835,4.5,0.4,3.0,9.7,False,,,,2026-08-06T03:32:53+00:00,https://www.baseball-reference.com/teams/TBR/2026.shtml,https://www.baseball-reference.com/players/b/bakerbr01.shtml
reynobr01,PIT,2024,batting,True,1,Bryan Reynolds,1995-01-27,"Baltimore, MD, United States",S,R,74,6-2,210,2019-04-20,LF,Pittsburgh Pirates,76,86,76-86,156,692,622,73,171,29,3,24,88,10,2,57,156,.275,.344,.447,.791,120,278,7,10,0,3,3,,,,,,,,,,,,,,,,,,,,,,,,,,,,,False,,,,2026-08-06T03:28:37+00:00,https://www.baseball-reference.com/teams/PIT/2024.shtml,https://www.baseball-reference.com/players/r/reynobr01.shtml
woobr01,SEA,2025,pitching,True,1,Bryan Woo,2000-01-30,"Oakland, CA, United States",R,R,74,6-2,205,2023-06-03,SP,Seattle Mariners,90,72,90-72,,,,,,,,,,,,,,,,,,,,,,,,,15,7,.682,2.94,30,30,0,0,0,0,186.2,137,64,61,26,36,0,198,4,0,3,731,130,0.927,6.6,1.3,1.7,9.5,True,96,13,A,2026-08-06T03:30:36+00:00,https://www.baseball-reference.com/teams/SEA/2025.shtml,https://www.baseball-reference.com/players/w/woobr01.shtml
smithca06,CLE,2026,batting,True,1,Cade Smith,1999-05-09,"Abbotsford, BC, Canada",R,R,77,6-5,230,2024-03-30,P,Cleveland Guardians,57,57,57-57,1,0,0,0,0,0,0,0,0,0,0,0,0,,,,,,0,0,0,0,0,0,,,,,,,,,,,,,,,,,,,,,,,,,,,,,True,90,41,A,2026-08-06T03:31:33+00:00,https://www.baseball-reference.com/teams/CLE/2026.shtml,https://www.baseball-reference.com/players/s/smithca06.shtml
smithca06,CLE,2026,pitching,True,1,Cade Smith,1999-05-09,"Abbotsford, BC, Canada",R,R,77,6-5,230,2024-03-30,CL,Cleveland Guardians,57,57,57-57,,,,,,,,,,,,,,,,,,,,,,,,,3,1,.750,2.45,48,0,41,0,0,30,51.1,40,17,14,4,16,1,71,1,0,5,209,169,1.091,7.0,0.7,2.8,12.4,True,90,41,A,2026-08-06T03:31:33+00:00,https://www.baseball-reference.com/teams/CLE/2026.shtml,https://www.baseball-reference.com/players/s/smithca06.shtml
raleica01,SEA,2025,batting,True,1,Cal Raleigh,1996-11-26,"Harrisonburg, VA, United States",S,R,74,6-2,235,2021-07-11,C,Seattle Mariners,90,72,90-72,159,705,596,110,147,24,0,60,125,14,4,97,188,.247,.359,.589,.948,168,351,6,9,0,3,17,,,,,,,,,,,,,,,,,,,,,,,,,,,,,True,95,15,A,2026-08-06T03:30:36+00:00,https://www.baseball-reference.com/teams/SEA/2025.shtml,https://www.baseball-reference.com/players/r/raleica01.shtml
schlica01,NYY,2026,pitching,True,1,Cam Schlittler,2001-02-05,"Weymouth, MA, United States",R,R,78,6-6,215,2025-07-09,SP,New York Yankees,64,50,64-50,,,,,,,,,,,,,,,,,,,,,,,,,10,6,.625,2.26,24,24,0,0,0,0,139.2,102,42,35,13,31,0,171,6,0,0,555,185,0.952,6.6,0.8,2.0,11.0,False,,,,2026-08-06T03:32:27+00:00,https://www.baseball-reference.com/teams/NYY/2026.shtml,https://www.baseball-reference.com/players/s/schlica01.shtml
correca01,MIN,2024,batting,True,1,Carlos Correa,1994-09-22,"Ponce, Puerto Rico",R,R,75,6-3,220,2015-06-08,SS,Minnesota Twins,82,80,82-80,86,367,319,55,99,20,2,14,54,0,0,40,61,.310,.388,.517,.905,152,165,5,3,0,4,4,,,,,,,,,,,,,,,,,,,,,,,,,,,,,False,,,,2026-08-06T03:28:20+00:00,https://www.baseball-reference.com/teams/MIN/2024.shtml,https://www.baseball-reference.com/players/c/correca01.shtml
estevca01,KCR,2025,batting,True,1,Carlos Estévez,1992-12-28,"Santo Domingo, Distrito Nacional, Dominican Republic",R,R,78,6-6,277,2016-04-23,P,Kansas City Royals,82,80,82-80,5,0,0,0,0,0,0,0,0,0,0,0,0,,,,,,0,0,0,0,0,0,,,,,,,,,,,,,,,,,,,,,,,,,,,,,False,,,,2026-08-06T03:29:56+00:00,https://www.baseball-reference.com/teams/KCR/2025.shtml,https://www.baseball-reference.com/players/e/estevca01.shtml
estevca01,KCR,2025,pitching,True,1,Carlos Estévez,1992-12-28,"Santo Domingo, Distrito Nacional, Dominican Republic",R,R,78,6-6,277,2016-04-23,CL,Kansas City Royals,82,80,82-80,,,,,,,,,,,,,,,,,,,,,,,,,4,5,.444,2.45,67,0,57,0,0,42,66.0,48,22,18,5,22,6,54,4,1,2,269,168,1.061,6.5,0.7,3.0,7.4,False,,,,2026-08-06T03:29:56+00:00,https://www.baseball-reference.com/teams/KCR/2025.shtml,https://www.baseball-reference.com/players/e/estevca01.shtml
rodonca01,NYY,2025,pitching,True,1,Carlos Rodón,1992-12-10,"Miami, FL, United States",L,L,74,6-2,255,2015-04-21,SP,New York Yankees,94,68,94-68,,,,,,,,,,,,,,,,,,,,,,,,,18,9,.667,3.09,33,33,0,0,0,0,195.1,132,74,67,22,73,0,203,9,0,4,789,134,1.049,6.1,1.0,3.4,9.4,True,86,76,A,2026-08-06T03:30:21+00:00,https://www.baseball-reference.com/teams/NYY/2025.shtml,https://www.baseball-reference.com/players/r/rodonca01.shtml
mizeca01,DET,2025,pitching,True,1,Casey Mize,1997-05-01,"Springville, AL, United States",R,R,75,6-3,212,2020-08-19,SP,Detroit Tigers,87,75,87-75,,,,,,,,,,,,,,,,,,,,,,,,,14,6,.700,3.87,28,28,0,0,0,0,149.0,153,68,64,21,36,1,139,3,0,2,627,107,1.268,9.2,1.3,2.2,8.4,False,,,,2026-08-06T03:29:48+00:00,https://www.baseball-reference.com/teams/DET/2025.shtml,https://www.baseball-reference.com/players/m/mizeca01.shtml
burnsch01,CIN,2026,pitching,True,1,Chase Burns,2003-01-16,"Napoli, Campania, Italy",R,R,75,6-3,210,2025-06-24,SP,Cincinnati Reds,54,58,54-58,,,,,,,,,,,,,,,,,,,,,,,,,13,1,.929,2.35,21,21,0,0,0,0,118.2,87,35,31,13,43,0,137,1,0,4,477,183,1.096,6.6,1.0,3.3,10.4,False,,,,2026-08-06T03:31:29+00:00,https://www.baseball-reference.com/teams/CIN/2026.shtml,https://www.baseball-reference.com/players/b/burnsch01.shtml
yelicch01,MIL,2024,batting,True,1,Christian Yelich,1991-12-05,"Thousand Oaks, CA, United States",L,R,76,6-4,220,2013-07-23,LF,Milwaukee Brewers,93,69,93-69,73,315,270,44,85,12,3,11,42,21,1,40,58,.315,.406,.504,.909,152,136,3,2,1,1,3,,,,,,,,,,,,,,,,,,,,,,,,,,,,,True,84,96,B,2026-08-06T03:28:17+00:00,https://www.baseball-reference.com/teams/MIL/2024.shtml,https://www.baseball-reference.com/players/y/yelicch01.shtml
holmecl01,NYY,2024,pitching,True,1,Clay Holmes,1993-03-27,"Dothan, AL, United States",R,R,77,6-5,245,2018-04-06,CL,New York Yankees,94,68,94-68,,,,,,,,,,,,,,,,,,,,,,,,,3,5,.375,3.14,67,0,50,0,0,30,63.0,60,29,22,4,22,1,68,3,0,4,271,129,1.302,8.6,0.6,3.1,9.7,False,,,,2026-08-06T03:26:30+00:00,https://www.baseball-reference.com/teams/NYY/2024.shtml,https://www.baseball-reference.com/players/h/holmecl01.shtml
kershcl01,LAD,2025,pitching,True,1,Clayton Kershaw,1988-03-19,"Dallas, TX, United States",L,L,76,6-4,225,2008-05-25,SP,Los Angeles Dodgers,93,69,93-69,,,,,,,,,,,,,,,,,,,,,,,,,11,2,.846,3.36,23,22,0,0,0,0,112.2,102,46,42,8,35,0,84,2,1,5,463,122,1.216,8.1,0.6,2.8,6.7,False,,,,2026-08-06T03:30:03+00:00,https://www.baseball-reference.com/teams/LAD/2025.shtml,https://www.baseball-reference.com/players/k/kershcl01.shtml
bellico01,NYY,2026,batting,True,1,Cody Bellinger,1995-07-13,"Scottsdale, AZ, United States",L,L,75,6-3,204,2017-04-25,LF,New York Yankees,64,50,64-50,102,434,374,52,97,21,3,11,53,10,6,55,70,.259,.350,.420,.770,115,157,3,0,0,5,0,,,,,,,,,,,,,,,,,,,,,,,,,,,,,True,88,51,B,2026-08-06T03:32:27+00:00,https://www.baseball-reference.com/teams/NYY/2026.shtml,https://www.baseball-reference.com/players/b/bellico01.shtml
raganco01,KCR,2024,pitching,True,1,Cole Ragans,1997-12-12,"Crawfordville, FL, United States",L,L,76,6-4,190,2022-08-04,SP,Kansas City Royals,86,76,86-76,,,,,,,,,,,,,,,,,,,,,,,,,11,9,.550,3.14,32,32,0,1,0,0,186.1,146,71,65,15,67,1,223,6,0,11,762,131,1.143,7.1,0.7,3.2,10.8,False,,,,2026-08-06T03:28:01+00:00,https://www.baseball-reference.com/teams/KCR/2024.shtml,https://www.baseball-reference.com/players/r/raganco01.shtml
burneco01,BAL,2024,pitching,True,1,Corbin Burnes,1994-10-22,"Bakersfield, CA, United States",R,R,75,6-3,245,2018-07-10,SP,Baltimore Orioles,91,71,91-71,,,,,,,,,,,,,,,,,,,,,,,,,15,9,.625,2.92,32,32,0,0,0,0,194.1,165,76,63,22,48,0,181,2,3,7,784,133,1.096,7.6,1.0,2.2,8.4,True,86,77,A,2026-08-06T03:27:30+00:00,https://www.baseball-reference.com/teams/BAL/2024.shtml,https://www.baseball-reference.com/players/b/burneco01.shtml
seageco01,TEX,2024,batting,True,1,Corey Seager,1994-04-27,"Charlotte, NC, United States",L,R,76,6-4,215,2015-09-03,SS,Texas Rangers,78,84,78-84,123,533,475,68,132,21,0,30,74,1,1,53,96,.278,.353,.512,.864,149,243,8,3,0,2,11,,,,,,,,,,,,,,,,,,,,,,,,,,,,,True,94,19,A,2026-08-06T03:29:00+00:00,https://www.baseball-reference.com/teams/TEX/2024.shtml,https://www.baseball-reference.com/players/s/seageco01.shtml
fryda01,CLE,2024,batting,True,1,David Fry,1995-11-20,"Irving, TX, United States",R,R,73,6-1,215,2023-05-01,DH,Cleveland Guardians,92,69,92-69,122,392,335,44,88,18,1,14,51,4,1,42,84,.263,.356,.448,.804,128,150,13,9,0,4,4,,,,,,,,,,,,,,,,,,,,,,,,,,,,,False,,,,2026-08-06T03:27:47+00:00,https://www.baseball-reference.com/teams/CLE/2024.shtml,https://www.baseball-reference.com/players/f/fryda01.shtml
peterda01,NYM,2025,pitching,True,1,David Peterson,1995-09-03,"Arcadia, CA, United States",L,L,78,6-6,240,2020-07-28,SP,New York Mets,83,79,83-79,,,,,,,,,,,,,,,,,,,,,,,,,9,6,.600,4.22,30,30,0,1,1,0,168.2,166,84,79,11,65,1,150,7,1,3,723,97,1.370,8.9,0.6,3.5,8.0,False,,,,2026-08-06T03:30:17+00:00,https://www.baseball-reference.com/teams/NYM/2025.shtml,https://www.baseball-reference.com/players/p/peterda01.shtml
dingldi01,DET,2026,batting,True,1,Dillon Dingler,1998-09-17,"Massillon, OH, United States",R,R,73,6-1,210,2024-07-29,C,Detroit Tigers,55,58,55-58,104,438,394,60,107,22,2,24,73,0,0,26,96,.272,.335,.520,.855,133,205,11,13,0,3,0,,,,,,,,,,,,,,,,,,,,,,,,,,,,,False,,,,2026-08-06T03:31:42+00:00,https://www.baseball-reference.com/teams/DET/2026.shtml,https://www.baseball-reference.com/players/d/dingldi01.shtml
baldwdr01,ATL,2026,batting,True,1,Drake Baldwin,2001-03-28,"Madison, WI, United States",L,R,72,6-0,225,2025-03-27,C,Atlanta Braves,68,45,68-45,90,401,349,61,94,7,0,20,57,2,1,44,84,.269,.362,.461,.823,126,161,13,7,0,1,2,,,,,,,,,,,,,,,,,,,,,,,,,,,,,False,,,,2026-08-06T03:31:09+00:00,https://www.baseball-reference.com/teams/ATL/2026.shtml,https://www.baseball-reference.com/players/b/baldwdr01.shtml
ceasedy01,TOR,2026,pitching,True,1,Dylan Cease,1995-12-28,"Milton, GA, United States",R,R,74,6-2,200,2019-07-03,SP,Toronto Blue Jays,53,61,53-61,,,,,,,,,,,,,,,,,,,,,,,,,7,5,.583,2.41,20,20,0,1,1,0,119.1,78,37,32,7,51,0,174,3,1,4,481,187,1.081,5.9,0.5,3.8,13.1,True,87,60,A,2026-08-06T03:33:01+00:00,https://www.baseball-reference.com/teams/TOR/2026.shtml,https://www.baseball-reference.com/players/c/ceasedy01.shtml
rodried05,ARI,2026,pitching,True,1,Eduardo Rodríguez,1993-04-07,"Valencia, Carabobo, Venezuela",L,L,74,6-2,231,2015-05-28,SP,Arizona Diamondbacks,60,54,60-54,,,,,,,,,,,,,,,,,,,,,,,,,10,4,.714,2.71,23,23,0,0,0,0,136.1,124,45,41,13,45,0,92,0,1,0,562,157,1.240,8.2,0.9,3.0,6.1,False,,,,2026-08-06T03:31:02+00:00,https://www.baseball-reference.com/teams/ARI/2026.shtml,https://www.baseball-reference.com/players/r/rodried05.shtml
diazed04,NYM,2025,batting,True,1,Edwin Díaz,1994-03-22,"Naguabo, Puerto Rico",R,R,75,6-3,165,2016-06-06,P,New York Mets,83,79,83-79,1,0,0,0,0,0,0,0,0,0,0,0,0,,,,,,0,0,0,0,0,0,,,,,,,,,,,,,,,,,,,,,,,,,,,,,True,90,42,B,2026-08-06T03:30:17+00:00,https://www.baseball-reference.com/teams/NYM/2025.shtml,https://www.baseball-reference.com/players/d/diazed04.shtml
diazed04,NYM,2025,pitching,True,1,Edwin Díaz,1994-03-22,"Naguabo, Puerto Rico",R,R,75,6-3,165,2016-06-06,CL,New York Mets,83,79,83-79,,,,,,,,,,,,,,,,,,,,,,,,,6,3,.667,1.63,62,0,48,0,0,28,66.1,37,14,12,4,21,0,98,8,0,7,258,253,0.874,5.0,0.5,2.8,13.3,True,90,42,B,2026-08-06T03:30:17+00:00,https://www.baseball-reference.com/teams/NYM/2025.shtml,https://www.baseball-reference.com/players/d/diazed04.shtml
claseem01,CLE,2024,pitching,True,1,Emmanuel Clase,1998-03-18,"Rio San Juan, Maria Trinidad Sanchez, Dominican Republic",R,R,74,6-2,206,2019-08-04,CL,Cleveland Guardians,92,69,92-69,,,,,,,,,,,,,,,,,,,,,,,,,4,2,.667,0.61,74,0,66,0,0,47,74.1,39,10,5,2,10,1,66,2,0,2,270,667,0.659,4.7,0.2,1.2,8.0,False,,,,2026-08-06T03:27:47+00:00,https://www.baseball-reference.com/teams/CLE/2024.shtml,https://www.baseball-reference.com/players/c/claseem01.shtml
clemeer01,TOR,2026,batting,True,1,Ernie Clement,1996-03-22,"Rochester, NY, United States",R,R,72,6-0,170,2021-06-13,2B,Toronto Blue Jays,53,61,53-61,111,448,427,47,122,27,1,8,36,4,1,15,42,.286,.310,.410,.720,96,175,7,2,0,4,0,,,,,,,,,,,,,,,,,,,,,,,,,,,,,False,,,,2026-08-06T03:33:01+00:00,https://www.baseball-reference.com/teams/TOR/2026.shtml,https://www.baseball-reference.com/players/c/clemeer01.shtml
suareeu01,ARI,2025,batting,True,1,Eugenio Suárez,1991-07-18,"Puerto Ordaz, Bolivar, Venezuela",R,R,71,5-11,213,2014-06-04,3B,Arizona Diamondbacks,80,82,80-82,106,437,387,64,96,19,0,36,87,1,0,29,117,.248,.320,.576,.897,143,223,7,15,0,6,1,,,,,,,,,,,,,,,,,,,,,,,,,,,,,True,86,78,A,2026-08-06T03:29:12+00:00,https://www.baseball-reference.com/teams/ARI/2025.shtml,https://www.baseball-reference.com/players/s/suareeu01.shtml
suareeu01,SEA,2025,batting,True,1,Eugenio Suárez,1991-07-18,"Puerto Ordaz, Bolivar, Venezuela",R,R,71,5-11,213,2014-06-04,3B,Seattle Mariners,90,72,90-72,53,220,201,27,38,9,0,13,31,3,1,17,79,.189,.255,.428,.682,93,86,4,1,0,1,1,,,,,,,,,,,,,,,,,,,,,,,,,,,,,True,86,78,A,2026-08-06T03:30:36+00:00,https://www.baseball-reference.com/teams/SEA/2025.shtml,https://www.baseball-reference.com/players/s/suareeu01.shtml
lindofr01,NYM,2025,batting,True,1,Francisco Lindor,1993-11-14,"Caguas, Puerto Rico",S,R,70,5-10,190,2015-06-14,SS,New York Mets,83,79,83-79,160,732,644,117,172,35,0,31,86,31,6,65,131,.267,.346,.466,.811,128,300,9,16,0,7,2,,,,,,,,,,,,,,,,,,,,,,,,,,,,,True,97,10,A,2026-08-06T03:30:17+00:00,https://www.baseball-reference.com/teams/NYM/2025.shtml,https://www.baseball-reference.com/players/l/lindofr01.shtml
peralfr01,MIL,2025,pitching,True,1,Freddy Peralta,1996-06-04,"Moca, Espaillat, Dominican Republic",R,R,72,6-0,198,2018-05-13,SP,Milwaukee Brewers,97,65,97-65,,,,,,,,,,,,,,,,,,,,,,,,,17,6,.739,2.70,33,33,0,0,0,0,176.2,124,54,53,21,66,0,204,9,2,4,723,155,1.075,6.3,1.1,3.4,10.4,True,91,34,A,2026-08-06T03:30:10+00:00,https://www.baseball-reference.com/teams/MIL/2025.shtml,https://www.baseball-reference.com/players/p/peralfr01.shtml
torregl01,DET,2025,batting,True,1,Gleyber Torres,1996-12-13,"Caracas, Distrito Federal, Venezuela",R,R,70,5-10,205,2018-04-22,2B,Detroit Tigers,87,75,87-75,145,628,532,79,136,22,0,16,74,4,1,85,101,.256,.358,.387,.745,108,206,11,4,0,7,0,,,,,,,,,,,,,,,,,,,,,,,,,,,,,False,,,,2026-08-06T03:29:48+00:00,https://www.baseball-reference.com/teams/DET/2025.shtml,https://www.baseball-reference.com/players/t/torregl01.shtml
hendegu01,BAL,2024,batting,True,1,Gunnar Henderson,2001-06-29,"Montgomery, AL, United States",L,R,75,6-3,230,2022-08-31,SS,Baltimore Orioles,91,71,91-71,159,719,630,118,177,31,7,37,92,21,4,78,159,.281,.364,.529,.893,155,333,2,7,0,4,1,,,,,,,,,,,,,,,,,,,,,,,,,,,,,True,94,20,A,2026-08-06T03:27:30+00:00,https://www.baseball-reference.com/teams/BAL/2024.shtml,https://www.baseball-reference.com/players/h/hendegu01.shtml
ramoshe02,SFG,2024,batting,True,1,Heliot Ramos,1999-09-07,"Humacao, Puerto Rico",R,R,71,5-11,235,2022-04-10,CF,San Francisco Giants,80,82,80-82,121,518,475,54,128,23,3,22,72,6,1,37,135,.269,.322,.469,.792,124,223,12,2,0,4,2,,,,,,,,,,,,,,,,,,,,,,,,,,,,,False,,,,2026-08-06T03:28:48+00:00,https://www.baseball-reference.com/teams/SFG/2024.shtml,https://www.baseball-reference.com/players/r/ramoshe02.shtml
brownhu01,HOU,2025,pitching,True,1,Hunter Brown,1998-08-29,"Detroit, MI, United States",R,R,74,6-2,220,2022-09-05,SP,Houston Astros,87,75,87-75,,,,,,,,,,,,,,,,,,,,,,,,,12,9,.571,2.43,31,31,0,1,0,0,185.1,133,55,50,17,57,1,206,7,1,0,729,169,1.025,6.5,0.8,2.8,10.0,True,91,35,A,2026-08-06T03:29:51+00:00,https://www.baseball-reference.com/teams/HOU/2025.shtml,https://www.baseball-reference.com/players/b/brownhu01.shtml
greenhu01,CIN,2024,pitching,True,1,Hunter Greene,1999-08-06,"Los Angeles, CA, United States",R,R,77,6-5,242,2022-04-10,SP,Cincinnati Reds,77,85,77-85,,,,,,,,,,,,,,,,,,,,,,,,,9,5,.643,2.75,26,26,0,0,0,0,150.1,96,47,46,12,57,0,169,19,1,7,611,160,1.018,5.7,0.7,3.4,10.1,True,91,36,A,2026-08-06T03:27:44+00:00,https://www.baseball-reference.com/teams/CIN/2024.shtml,https://www.baseball-reference.com/players/g/greenhu01.shtml
merrija01,SDP,2024,batting,True,1,Jackson Merrill,2003-04-19,"Baltimore, MD, United States",L,R,74,6-2,195,2024-03-20,CF,San Diego Padres,93,69,93-69,156,593,554,77,162,31,6,24,90,16,3,29,101,.292,.326,.500,.826,127,277,2,1,4,5,1,,,,,,,,,,,,,,,,,,,,,,,,,,,,,True,86,79,A,2026-08-06T03:28:41+00:00,https://www.baseball-reference.com/teams/SDP/2024.shtml,https://www.baseball-reference.com/players/m/merrija01.shtml
latzja01,TEX,2026,batting,True,1,Jacob Latz,1996-04-08,"Lemont, IL, United States",R,L,74,6-2,185,2021-08-25,P,Texas Rangers,56,58,56-58,1,0,0,0,0,0,0,0,0,0,0,0,0,,,,,,0,0,0,0,0,0,,,,,,,,,,,,,,,,,,,,,,,,,,,,,False,,,,2026-08-06T03:32:57+00:00,https://www.baseball-reference.com/teams/TEX/2026.shtml,https://www.baseball-reference.com/players/l/latzja01.shtml
latzja01,TEX,2026,pitching,True,1,Jacob Latz,1996-04-08,"Lemont, IL, United States",R,L,74,6-2,185,2021-08-25,CL,Texas Rangers,56,58,56-58,,,,,,,,,,,,,,,,,,,,,,,,,3,1,.750,1.94,41,1,31,0,0,21,51.0,24,12,11,3,12,2,52,0,0,2,188,201,0.706,4.2,0.5,2.1,9.2,False,,,,2026-08-06T03:32:57+00:00,https://www.baseball-reference.com/teams/TEX/2026.shtml,https://www.baseball-reference.com/players/l/latzja01.shtml
wilsoja05,ATH,2025,batting,True,1,Jacob Wilson,2002-03-30,"Los Angeles, CA, United States",R,R,74,6-2,190,2024-07-19,SS,Athletics,76,86,76-86,125,523,486,62,151,26,0,13,63,5,2,27,39,.311,.355,.444,.800,119,216,16,7,2,1,1,,,,,,,,,,,,,,,,,,,,,,,,,,,,,False,,,,2026-08-06T03:29:16+00:00,https://www.baseball-reference.com/teams/ATH/2025.shtml,https://www.baseball-reference.com/players/w/wilsoja05.shtml
degroja01,TEX,2025,pitching,True,1,Jacob deGrom,1988-06-19,"DeLand, FL, United States",L,R,76,6-4,180,2014-05-15,SP,Texas Rangers,81,81,81-81,,,,,,,,,,,,,,,,,,,,,,,,,12,8,.600,2.97,30,30,0,0,0,0,172.2,122,57,57,26,37,0,185,3,0,3,669,128,0.921,6.4,1.4,1.9,9.6,True,94,21,A,2026-08-06T03:30:51+00:00,https://www.baseball-reference.com/teams/TEX/2025.shtml,https://www.baseball-reference.com/players/d/degroja01.shtml
duranja01,BOS,2024,batting,True,1,Jarren Duran,1996-09-05,"Corona, CA, United States",L,R,72,6-0,205,2021-07-17,CF,Boston Red Sox,81,81,81-81,160,735,671,111,191,48,14,21,75,34,7,54,160,.285,.342,.492,.834,132,330,6,6,1,3,1,,,,,,,,,,,,,,,,,,,,,,,,,,,,,False,,,,2026-08-06T03:27:33+00:00,https://www.baseball-reference.com/teams/BOS/2024.shtml,https://www.baseball-reference.com/players/d/duranja01.shtml
adamja01,SDP,2025,pitching,True,1,Jason Adam,1991-08-04,"Omaha, NE, United States",R,R,75,6-3,229,2018-05-05,RP,San Diego Padres,90,72,90-72,,,,,,,,,,,,,,,,,,,,,,,,,8,4,.667,1.93,65,0,4,0,0,0,65.1,50,18,14,4,25,3,70,3,0,3,270,218,1.148,6.9,0.6,3.4,9.6,False,,,,2026-08-06T03:30:32+00:00,https://www.baseball-reference.com/teams/SDP/2025.shtml,https://www.baseball-reference.com/players/a/adamja01.shtml
baezja01,DET,2025,batting,True,1,Javier Báez,1992-12-01,"Bayamon, Puerto Rico",R,R,71,5-11,190,2014-08-05,UT,Detroit Tigers,87,75,87-75,126,437,417,55,107,17,3,12,57,5,1,10,109,.257,.282,.398,.680,87,166,8,6,0,3,0,,,,,,,,,,,,,,,,,,,,,,,,,,,,,False,,,,2026-08-06T03:29:48+00:00,https://www.baseball-reference.com/teams/DET/2025.shtml,https://www.baseball-reference.com/players/b/baezja01.shtml
chishja01,NYY,2025,batting,True,1,Jazz Chisholm Jr.,1998-02-01,"Nassau, New Providence, Bahamas",L,R,71,5-11,184,2020-09-01,2B,New York Yankees,94,68,94-68,130,531,462,75,112,15,1,31,80,31,8,58,148,.242,.332,.481,.813,123,222,3,6,1,4,1,,,,,,,,,,,,,,,,,,,,,,,,,,,,,True,86,80,A,2026-08-06T03:30:21+00:00,https://www.baseball-reference.com/teams/NYY/2025.shtml,https://www.baseball-reference.com/players/c/chishja01.shtml
hoffmje02,PHI,2024,pitching,True,1,Jeff Hoffman,1993-01-08,"Latham, NY, United States",R,R,77,6-5,235,2016-08-20,RP,Philadelphia Phillies,95,67,95-67,,,,,,,,,,,,,,,,,,,,,,,,,3,3,.500,2.17,68,0,21,0,0,10,66.1,48,20,16,6,16,1,89,3,0,5,265,194,0.965,6.5,0.8,2.2,12.1,False,,,,2026-08-06T03:28:33+00:00,https://www.baseball-reference.com/teams/PHI/2024.shtml,https://www.baseball-reference.com/players/h/hoffmje02.shtml
penaje02,HOU,2025,batting,True,1,Jeremy Peña,1997-09-22,"Santo Domingo, Distrito Nacional, Dominican Republic",R,R,72,6-0,202,2022-04-07,SS,Houston Astros,87,75,87-75,125,543,493,68,150,30,2,17,62,20,2,35,93,.304,.363,.477,.840,134,235,9,12,1,2,2,,,,,,,,,,,,,,,,,,,,,,,,,,,,,True,90,44,A,2026-08-06T03:29:51+00:00,https://www.baseball-reference.com/teams/HOU/2025.shtml,https://www.baseball-reference.com/players/p/penaje02.shtml
luzarje01,PHI,2026,pitching,True,1,Jesús Luzardo,1997-09-30,"Lima, Lima, Peru",L,L,72,6-0,218,2019-09-11,SP,Philadelphia Phillies,61,53,61-53,,,,,,,,,,,,,,,,,,,,,,,,,10,5,.667,3.36,23,23,0,0,0,0,136.2,116,57,51,12,43,0,164,9,1,5,566,133,1.163,7.6,0.8,2.8,10.8,True,87,64,A,2026-08-06T03:32:31+00:00,https://www.baseball-reference.com/teams/PHI/2026.shtml,https://www.baseball-reference.com/players/l/luzarje01.shtml
duranjh01,PHI,2026,batting,True,1,Jhoan Duran,1998-01-08,"Esperanza, Valverde, Dominican Republic",R,R,77,6-5,230,2022-04-08,P,Philadelphia Phillies,61,53,61-53,1,0,0,0,0,0,0,0,0,0,0,0,0,,,,,,0,0,0,0,0,0,,,,,,,,,,,,,,,,,,,,,,,,,,,,,False,,,,2026-08-06T03:32:31+00:00,https://www.baseball-reference.com/teams/PHI/2026.shtml,https://www.baseball-reference.com/players/d/duranjh01.shtml
duranjh01,PHI,2026,pitching,True,1,Jhoan Duran,1998-01-08,"Esperanza, Valverde, Dominican Republic",R,R,77,6-5,230,2022-04-08,CL,Philadelphia Phillies,61,53,61-53,,,,,,,,,,,,,,,,,,,,,,,,,1,4,.200,1.93,40,0,39,0,0,25,37.1,30,9,8,1,6,0,55,3,0,2,148,233,0.964,7.2,0.2,1.4,13.3,False,,,,2026-08-06T03:32:31+00:00,https://www.baseball-reference.com/teams/PHI/2026.shtml,https://www.baseball-reference.com/players/d/duranjh01.shtml
arandjo01,TBR,2025,batting,True,1,Jonathan Aranda,1998-05-23,"Tijuana, Baja California, Mexico",L,R,72,6-0,215,2022-06-24,1B,Tampa Bay Rays,77,85,77-85,106,422,370,56,117,22,0,14,59,0,2,41,107,.316,.393,.489,.883,145,181,9,8,0,3,3,,,,,,,,,,,,,,,,,,,,,,,,,,,,,False,,,,2026-08-06T03:30:48+00:00,https://www.baseball-reference.com/teams/TBR/2025.shtml,https://www.baseball-reference.com/players/a/arandjo01.shtml
walkejo02,STL,2026,batting,True,1,Jordan Walker,2002-05-22,"Stone Mountain, GA, United States",R,R,78,6-6,250,2023-03-30,RF,St. Louis Cardinals,56,58,56-58,111,475,432,68,123,23,0,22,81,14,5,37,119,.285,.343,.491,.834,134,212,9,3,0,3,1,,,,,,,,,,,,,,,,,,,,,,,,,,,,,False,,,,2026-08-06T03:32:50+00:00,https://www.baseball-reference.com/teams/STL/2026.shtml,https://www.baseball-reference.com/players/w/walkejo02.shtml
westbjo01,BAL,2024,batting,True,1,Jordan Westburg,1999-02-18,"New Braunfels, TX, United States",R,R,73,6-1,215,2023-06-26,IF,Baltimore Orioles,91,71,91-71,107,447,416,57,110,26,5,18,63,6,3,22,97,.264,.312,.481,.792,126,200,5,7,1,1,0,,,,,,,,,,,,,,,,,,,,,,,,,,,,,False,,,,2026-08-06T03:27:30+00:00,https://www.baseball-reference.com/teams/BAL/2024.shtml,https://www.baseball-reference.com/players/w/westbjo01.shtml
altuvjo01,HOU,2024,batting,True,1,Jose Altuve,1990-05-06,"Puerto Cabello, Carabobo, Venezuela",R,R,66,5-6,167,2011-07-20,2B,Houston Astros,88,73,88-73,153,682,628,94,185,31,0,20,65,22,7,47,119,.295,.350,.439,.790,124,276,15,7,0,0,2,,,,,,,,,,,,,,,,,,,,,,,,,,,,,True,85,85,A,2026-08-06T03:27:57+00:00,https://www.baseball-reference.com/teams/HOU/2024.shtml,https://www.baseball-reference.com/players/a/altuvjo01.shtml
haderjo01,HOU,2025,batting,True,1,Josh Hader,1994-04-07,"Millersville, MD, United States",L,L,75,6-3,188,2017-06-10,P,Houston Astros,87,75,87-75,1,0,0,0,0,0,0,0,0,0,0,0,0,,,,,,0,0,0,0,0,0,,,,,,,,,,,,,,,,,,,,,,,,,,,,,True,89,49,A,2026-08-06T03:29:51+00:00,https://www.baseball-reference.com/teams/HOU/2025.shtml,https://www.baseball-reference.com/players/h/haderjo01.shtml
haderjo01,HOU,2025,pitching,True,1,Josh Hader,1994-04-07,"Millersville, MD, United States",L,L,75,6-3,188,2017-06-10,CL,Houston Astros,87,75,87-75,,,,,,,,,,,,,,,,,,,,,,,,,6,2,.750,2.05,48,0,41,0,0,28,52.2,29,16,12,8,16,1,76,2,0,2,206,201,0.854,5.0,1.4,2.7,13.0,True,89,49,A,2026-08-06T03:29:51+00:00,https://www.baseball-reference.com/teams/HOU/2025.shtml,https://www.baseball-reference.com/players/h/haderjo01.shtml
naylojo01,CLE,2024,batting,True,1,Josh Naylor,1997-06-22,"Mississauga, ON, Canada",L,L,70,5-10,235,2019-05-24,1B,Cleveland Guardians,92,69,92-69,152,633,563,84,137,27,0,31,108,6,2,58,105,.243,.320,.456,.776,118,257,17,7,0,4,7,,,,,,,,,,,,,,,,,,,,,,,,,,,,,False,,,,2026-08-06T03:27:47+00:00,https://www.baseball-reference.com/teams/CLE/2024.shtml,https://www.baseball-reference.com/players/n/naylojo01.shtml
rodriju01,SEA,2025,batting,True,1,Julio Rodríguez,2000-12-29,"Loma de Cabrera, Dajabon, Dominican Republic",R,R,76,6-4,228,2022-04-08,CF,Seattle Mariners,90,72,90-72,160,710,652,106,174,31,4,32,95,30,6,44,152,.267,.324,.474,.798,127,309,15,12,0,2,5,,,,,,,,,,,,,,,,,,,,,,,,,,,,,True,93,28,A,2026-08-06T03:30:36+00:00,https://www.baseball-reference.com/teams/SEA/2025.shtml,https://www.baseball-reference.com/players/r/rodriju01.shtml
profaju01,SDP,2024,batting,True,1,Jurickson Profar,1993-02-20,"Willemstad, Curacao",S,R,71,5-11,184,2012-09-02,LF,San Diego Padres,93,69,93-69,158,668,564,94,158,29,0,24,85,10,3,76,101,.280,.380,.459,.839,134,259,14,18,5,5,4,,,,,,,,,,,,,,,,,,,,,,,,,,,,,False,,,,2026-08-06T03:28:41+00:00,https://www.baseball-reference.com/teams/SDP/2024.shtml,https://www.baseball-reference.com/players/p/profaju01.shtml
verlaju01,DET,2026,pitching,True,1,Justin Verlander,1983-02-20,"Manakin Sabot, VA, United States",R,R,77,6-5,240,2005-07-04,,Detroit Tigers,55,58,55-58,,,,,,,,,,,,,,,,,,,,,,,,,0,1,.000,12.27,1,1,0,0,0,0,3.2,6,5,5,1,2,0,1,0,0,1,19,38,2.182,14.7,2.5,4.9,2.5,False,,,,2026-08-06T03:31:42+00:00,https://www.baseball-reference.com/teams/DET/2026.shtml,https://www.baseball-reference.com/players/v/verlaju01.shtml
mcgonke01,DET,2026,batting,True,1,Kevin McGonigle,2004-08-18,"Media, PA, United States",L,R,69,5-9,187,2026-03-26,SS,Detroit Tigers,55,58,55-58,109,491,415,71,118,20,3,11,42,11,1,71,68,.284,.391,.427,.818,127,177,3,3,0,2,1,,,,,,,,,,,,,,,,,,,,,,,,,,,,,False,,,,2026-08-06T03:31:42+00:00,https://www.baseball-reference.com/teams/DET/2026.shtml,https://www.baseball-reference.com/players/m/mcgonke01.shtml
yateski01,TEX,2024,batting,True,1,Kirby Yates,1987-03-25,"Lihue, HI, United States",L,R,70,5-10,205,2014-06-07,P,Texas Rangers,78,84,78-84,3,0,0,0,0,0,0,0,0,0,0,0,0,,,,,,0,0,0,0,0,0,,,,,,,,,,,,,,,,,,,,,,,,,,,,,False,,,,2026-08-06T03:29:00+00:00,https://www.baseball-reference.com/teams/TEX/2024.shtml,https://www.baseball-reference.com/players/y/yateski01.shtml
yateski01,TEX,2024,pitching,True,1,Kirby Yates,1987-03-25,"Lihue, HI, United States",L,R,70,5-10,205,2014-06-07,CL,Texas Rangers,78,84,78-84,,,,,,,,,,,,,,,,,,,,,,,,,7,2,.778,1.17,61,0,50,0,0,33,61.2,23,10,8,3,28,5,85,2,2,1,237,326,0.827,3.4,0.4,4.1,12.4,False,,,,2026-08-06T03:29:00+00:00,https://www.baseball-reference.com/teams/TEX/2024.shtml,https://www.baseball-reference.com/players/y/yateski01.shtml
bubickr01,KCR,2025,pitching,True,1,Kris Bubic,1997-08-19,"Cupertino, CA, United States",L,L,75,6-3,220,2020-07-31,SP,Kansas City Royals,82,80,82-80,,,,,,,,,,,,,,,,,,,,,,,,,8,7,.533,2.55,20,20,0,0,0,0,116.1,98,38,33,6,39,1,116,3,0,1,476,161,1.178,7.6,0.5,3.0,9.0,False,,,,2026-08-06T03:29:56+00:00,https://www.baseball-reference.com/teams/KCR/2025.shtml,https://www.baseball-reference.com/players/b/bubickr01.shtml
finneky01,WSN,2024,batting,True,1,Kyle Finnegan,1991-09-04,"Detroit, MI, United States",R,R,74,6-2,198,2020-07-25,P,Washington Nationals,71,91,71-91,1,0,0,0,0,0,0,0,0,0,0,0,0,,,,,,0,0,0,0,0,0,,,,,,,,,,,,,,,,,,,,,,,,,,,,,False,,,,2026-08-06T03:29:09+00:00,https://www.baseball-reference.com/teams/WSN/2024.shtml,https://www.baseball-reference.com/players/f/finneky01.shtml
finneky01,WSN,2024,pitching,True,1,Kyle Finnegan,1991-09-04,"Detroit, MI, United States",R,R,74,6-2,198,2020-07-25,CL,Washington Nationals,71,91,71-91,,,,,,,,,,,,,,,,,,,,,,,,,3,8,.273,3.68,65,0,58,0,0,38,63.2,61,31,26,9,24,3,60,0,0,2,271,111,1.335,8.6,1.3,3.4,8.5,False,,,,2026-08-06T03:29:09+00:00,https://www.baseball-reference.com/teams/WSN/2024.shtml,https://www.baseball-reference.com/players/f/finneky01.shtml
stoweky01,MIA,2025,batting,True,1,Kyle Stowers,1998-01-02,"El Cajon, CA, United States",L,L,74,6-2,215,2022-06-13,LF,Miami Marlins,79,83,79-83,117,457,399,61,115,21,3,25,73,5,1,48,125,.288,.368,.544,.912,151,217,6,5,1,4,3,,,,,,,,,,,,,,,,,,,,,,,,,,,,,False,,,,2026-08-06T03:30:07+00:00,https://www.baseball-reference.com/teams/MIA/2025.shtml,https://www.baseball-reference.com/players/s/stoweky01.shtml
gilbelo01,SEA,2024,pitching,True,1,Logan Gilbert,1997-05-05,"Winter Park, FL, United States",R,R,78,6-6,215,2021-05-13,SP,Seattle Mariners,85,77,85-77,,,,,,,,,,,,,,,,,,,,,,,,,9,12,.429,3.23,33,33,0,1,0,0,208.2,148,83,75,26,37,1,220,4,0,11,803,115,0.887,6.4,1.1,1.6,9.5,True,93,30,A,2026-08-06T03:28:45+00:00,https://www.baseball-reference.com/teams/SEA/2024.shtml,https://www.baseball-reference.com/players/g/gilbelo01.shtml
varlalo01,TOR,2026,pitching,True,1,Louis Varland,1997-12-09,"St. Paul, MN, United States",L,R,73,6-1,205,2022-09-07,CL,Toronto Blue Jays,53,61,53-61,,,,,,,,,,,,,,,,,,,,,,,,,3,4,.429,1.11,51,0,36,0,0,24,56.2,42,15,7,1,16,1,73,0,0,3,222,408,1.024,6.7,0.2,2.5,11.6,False,,,,2026-08-06T03:33:01+00:00,https://www.baseball-reference.com/teams/TOR/2026.shtml,https://www.baseball-reference.com/players/v/varlalo01.shtml
gorema01,WSN,2025,pitching,True,1,MacKenzie Gore,1999-02-24,"Wilmington, NC, United States",L,L,74,6-2,193,2022-04-15,SP,Washington Nationals,66,96,66-96,,,,,,,,,,,,,,,,,,,,,,,,,5,15,.250,4.17,30,30,0,0,0,0,159.2,152,75,74,20,64,0,185,5,0,12,680,100,1.353,8.6,1.1,3.6,10.4,False,,,,2026-08-06T03:30:58+00:00,https://www.baseball-reference.com/teams/WSN/2025.shtml,https://www.baseball-reference.com/players/g/gorema01.shtml
garcima01,KCR,2025,batting,True,1,Maikel Garcia,2000-03-03,"La Sabana, Vargas, Venezuela",R,R,73,6-1,180,2022-07-15,3B,Kansas City Royals,82,80,82-80,160,666,595,81,170,39,5,16,74,23,9,62,84,.286,.351,.449,.800,123,267,14,1,3,5,0,,,,,,,,,,,,,,,,,,,,,,,,,,,,,False,,,,2026-08-06T03:29:56+00:00,https://www.baseball-reference.com/teams/KCR/2025.shtml,https://www.baseball-reference.com/players/g/garcima01.shtml
machama01,SDP,2025,batting,True,1,Manny Machado,1992-07-06,"Hialeah, FL, United States",R,R,74,6-2,218,2012-08-09,3B,San Diego Padres,90,72,90-72,159,678,615,91,169,33,0,27,95,14,3,55,131,.275,.335,.460,.795,121,283,16,3,0,5,4,,,,,,,,,,,,,,,,,,,,,,,,,,,,,True,87,65,A,2026-08-06T03:30:32+00:00,https://www.baseball-reference.com/teams/SDP/2025.shtml,https://www.baseball-reference.com/players/m/machama01.shtml
ozunama01,ATL,2024,batting,True,1,Marcell Ozuna,1990-11-12,"Santo Domingo, Distrito Nacional, Dominican Republic",R,R,73,6-1,251,2013-04-30,DH,Atlanta Braves,89,73,89-73,162,688,606,96,183,31,0,39,104,1,0,74,170,.302,.378,.546,.925,154,331,23,3,0,4,2,,,,,,,,,,,,,,,,,,,,,,,,,,,,,False,,,,2026-08-06T03:27:26+00:00,https://www.baseball-reference.com/teams/ATL/2024.shtml,https://www.baseball-reference.com/players/o/ozunama01.shtml
semiema01,TEX,2024,batting,True,1,Marcus Semien,1990-09-17,"San Francisco, CA, United States",R,R,72,6-0,195,2013-09-04,2B,Texas Rangers,78,84,78-84,159,718,650,101,154,27,2,23,74,8,3,64,105,.237,.308,.391,.699,103,254,9,3,0,1,2,,,,,,,,,,,,,,,,,,,,,,,,,,,,,True,85,86,A,2026-08-06T03:29:00+00:00,https://www.baseball-reference.com/teams/TEX/2024.shtml,https://www.baseball-reference.com/players/s/semiema01.shtml
strahma01,PHI,2024,pitching,True,1,Matt Strahm,1991-11-12,"West Fargo, ND, United States",R,L,74,6-2,190,2016-07-31,RP,Philadelphia Phillies,95,67,95-67,,,,,,,,,,,,,,,,,,,,,,,,,6,2,.750,1.87,66,0,10,0,0,3,62.2,36,14,13,4,11,1,79,6,0,2,237,225,0.750,5.2,0.6,1.6,11.3,False,,,,2026-08-06T03:28:33+00:00,https://www.baseball-reference.com/teams/PHI/2024.shtml,https://www.baseball-reference.com/players/s/strahma01.shtml
boydma01,CHC,2025,pitching,True,1,Matthew Boyd,1991-02-02,"Mercer Island, WA, United States",L,L,75,6-3,223,2015-06-27,SP,Chicago Cubs,92,70,92-70,,,,,,,,,,,,,,,,,,,,,,,,,14,8,.636,3.21,31,31,0,0,0,0,179.2,154,69,64,19,42,0,154,9,0,2,718,124,1.091,7.7,1.0,2.1,7.7,False,,,,2026-08-06T03:29:31+00:00,https://www.baseball-reference.com/teams/CHC/2025.shtml,https://www.baseball-reference.com/players/b/boydma01.shtml
meyerma01,MIA,2026,pitching,True,1,Max Meyer,1999-03-12,"Woodbury, MN, United States",L,R,72,6-0,196,2022-07-16,SP,Miami Marlins,58,56,58-56,,,,,,,,,,,,,,,,,,,,,,,,,9,1,.900,2.68,20,20,0,0,0,0,111.0,85,39,33,11,41,0,121,7,0,5,462,152,1.135,6.9,0.9,3.3,9.8,False,,,,2026-08-06T03:32:11+00:00,https://www.baseball-reference.com/teams/MIA/2026.shtml,https://www.baseball-reference.com/players/m/meyerma01.shtml
muncyma01,LAD,2026,batting,True,1,Max Muncy,1990-08-25,"Midland, TX, United States",L,R,70,5-10,215,2015-04-25,3B,Los Angeles Dodgers,69,45,69-45,104,394,344,61,87,16,1,21,49,2,0,47,97,.253,.348,.488,.836,130,168,5,3,0,0,3,,,,,,,,,,,,,,,,,,,,,,,,,,,,,False,,,,2026-08-06T03:31:56+00:00,https://www.baseball-reference.com/teams/LAD/2026.shtml,https://www.baseball-reference.com/players/m/muncyma01.shtml
wachami01,KCR,2026,pitching,True,1,Michael Wacha,1991-07-01,"Iowa City, IA, United States",R,R,78,6-6,215,2013-05-30,SP,Kansas City Royals,47,67,47-67,,,,,,,,,,,,,,,,,,,,,,,,,5,8,.385,3.51,22,22,0,0,0,0,138.1,122,58,54,16,38,1,111,5,0,4,563,117,1.157,7.9,1.0,2.5,7.2,False,,,,2026-08-06T03:31:48+00:00,https://www.baseball-reference.com/teams/KCR/2026.shtml,https://www.baseball-reference.com/players/w/wachami01.shtml
vargami01,CHW,2026,batting,True,1,Miguel Vargas,1999-11-17,"La Habana, La Habana, Cuba",R,R,74,6-2,225,2022-08-03,3B,Chicago White Sox,59,53,59-53,111,485,411,74,97,25,1,24,67,11,2,61,86,.236,.341,.477,.818,127,196,6,7,0,5,2,,,,,,,,,,,,,,,,,,,,,,,,,,,,,False,,,,2026-08-06T03:31:25+00:00,https://www.baseball-reference.com/teams/CHW/2026.shtml,https://www.baseball-reference.com/players/v/vargami01.shtml
troutmi01,LAA,2026,batting,True,1,Mike Trout,1991-08-07,"Vineland, NJ, United States",R,R,73,6-1,235,2011-07-08,CF,Los Angeles Angels,43,70,43-70,94,421,339,64,83,16,0,18,40,8,0,76,106,.245,.390,.451,.841,140,153,7,5,0,1,9,,,,,,,,,,,,,,,,,,,,,,,,,,,,,True,89,50,A,2026-08-06T03:31:52+00:00,https://www.baseball-reference.com/teams/LAA/2026.shtml,https://www.baseball-reference.com/players/t/troutmi01.shtml
bettsmo01,LAD,2024,batting,True,1,Mookie Betts,1992-10-07,"Nashville, TN, United States",R,R,69,5-9,180,2014-06-29,UT,Los Angeles Dodgers,98,64,98-64,116,516,450,75,130,24,5,19,75,16,2,61,57,.289,.372,.491,.863,143,221,10,1,0,4,2,,,,,,,,,,,,,,,,,,,,,,,,,,,,,True,92,33,A,2026-08-06T03:28:09+00:00,https://www.baseball-reference.com/teams/LAD/2024.shtml,https://www.baseball-reference.com/players/b/bettsmo01.shtml
murakmu01,CHW,2026,batting,True,1,Munetaka Murakami,2000-02-02,"Kumamoto, Japan",L,R,74,6-2,213,2026-03-26,1B,Chicago White Sox,59,53,59-53,77,335,275,59,67,10,0,24,51,1,3,58,112,.244,.376,.542,.918,154,149,2,1,0,1,6,,,,,,,,,,,,,,,,,,,,,,,,,,,,,False,,,,2026-08-06T03:31:25+00:00,https://www.baseball-reference.com/teams/CHW/2026.shtml,https://www.baseball-reference.com/players/m/murakmu01.shtml
kurtzni01,ATH,2026,batting,True,1,Nick Kurtz,2003-03-12,"Lancaster, PA, United States",L,L,77,6-5,240,2025-04-23,1B,Athletics,45,68,45-68,99,434,352,62,90,15,1,21,69,7,1,79,141,.256,.396,.483,.879,140,170,5,3,0,0,9,,,,,,,,,,,,,,,,,,,,,,,,,,,,,True,88,55,A,2026-08-06T03:31:06+00:00,https://www.baseball-reference.com/teams/ATH/2026.shtml,https://www.baseball-reference.com/players/k/kurtzni01.shtml
lopezot01,MIA,2026,batting,True,1,Otto Lopez,1998-10-01,"Santo Domingo, Distrito Nacional, Dominican Republic",R,R,70,5-10,185,2021-08-17,SS,Miami Marlins,58,56,58-56,110,476,440,69,142,29,7,9,51,23,4,23,64,.323,.355,.482,.837,134,212,8,4,0,9,0,,,,,,,,,,,,,,,,,,,,,,,,,,,,,False,,,,2026-08-06T03:32:11+00:00,https://www.baseball-reference.com/teams/MIA/2026.shtml,https://www.baseball-reference.com/players/l/lopezot01.shtml
albieoz01,ATL,2026,batting,True,1,Ozzie Albies,1997-01-07,"Willemstad, Curacao",S,R,67,5-7,165,2017-08-01,2B,Atlanta Braves,68,45,68-45,113,488,441,70,116,21,0,19,63,2,4,31,71,.263,.311,.440,.751,105,194,3,5,0,11,1,,,,,,,,,,,,,,,,,,,,,,,,,,,,,False,,,,2026-08-06T03:31:09+00:00,https://www.baseball-reference.com/teams/ATL/2026.shtml,https://www.baseball-reference.com/players/a/albieoz01.shtml
messipa01,CLE,2026,pitching,True,1,Parker Messick,2000-10-26,"Plant City, FL, United States",L,L,72,6-0,225,2025-08-20,SP,Cleveland Guardians,57,57,57-57,,,,,,,,,,,,,,,,,,,,,,,,,8,6,.571,2.57,22,22,0,0,0,0,129.2,100,41,37,11,37,2,128,1,1,5,516,161,1.057,6.9,0.8,2.6,8.9,False,,,,2026-08-06T03:31:33+00:00,https://www.baseball-reference.com/teams/CLE/2026.shtml,https://www.baseball-reference.com/players/m/messipa01.shtml
deverra01,BOS,2024,batting,True,1,Rafael Devers,1996-10-24,"Sanchez, Samana, Dominican Republic",L,R,72,6-0,235,2017-07-25,3B,Boston Red Sox,81,81,81-81,138,601,525,87,143,34,5,28,83,3,0,67,147,.272,.354,.516,.871,142,271,13,3,0,6,14,,,,,,,,,,,,,,,,,,,,,,,,,,,,,True,87,68,A,2026-08-06T03:27:33+00:00,https://www.baseball-reference.com/teams/BOS/2024.shtml,https://www.baseball-reference.com/players/d/deverra01.shtml
iglesra01,ATL,2026,batting,True,1,Raisel Iglesias,1990-01-04,"Isla de la Juventud, Cuba",R,R,74,6-2,190,2015-04-12,P,Atlanta Braves,68,45,68-45,6,0,0,0,0,0,0,0,0,0,0,0,0,,,,,,0,0,0,0,0,0,,,,,,,,,,,,,,,,,,,,,,,,,,,,,True,85,89,B,2026-08-06T03:31:09+00:00,https://www.baseball-reference.com/teams/ATL/2026.shtml,https://www.baseball-reference.com/players/i/iglesra01.shtml
iglesra01,ATL,2026,pitching,True,1,Raisel Iglesias,1990-01-04,"Isla de la Juventud, Cuba",R,R,74,6-2,190,2015-04-12,CL,Atlanta Braves,68,45,68-45,,,,,,,,,,,,,,,,,,,,,,,,,0,2,.000,2.63,40,0,35,0,0,24,41.0,35,15,12,4,11,0,44,0,0,0,164,160,1.122,7.7,0.9,2.4,9.7,True,85,89,B,2026-08-06T03:31:09+00:00,https://www.baseball-reference.com/teams/ATL/2026.shtml,https://www.baseball-reference.com/players/i/iglesra01.shtml
rodrira02,SFG,2025,pitching,True,1,Randy Rodríguez,1999-09-05,"Santo Domingo, Distrito Nacional, Dominican Republic",R,R,72,6-0,195,2024-05-04,RP,San Francisco Giants,81,81,81-81,,,,,,,,,,,,,,,,,,,,,,,,,3,5,.375,1.78,50,0,15,0,0,4,50.2,34,12,10,4,11,0,67,4,0,2,198,225,0.888,6.0,0.7,2.0,11.9,False,,,,2026-08-06T03:30:40+00:00,https://www.baseball-reference.com/teams/SFG/2025.shtml,https://www.baseball-reference.com/players/r/rodrira02.shtml
lopezre01,ATL,2024,pitching,True,1,Reynaldo López,1994-01-04,"San Pedro de Macoris, San Pedro de Macoris, Dominican Republic",R,R,73,6-1,225,2016-07-19,SP,Atlanta Braves,89,73,89-73,,,,,,,,,,,,,,,,,,,,,,,,,8,5,.615,1.99,26,25,0,0,0,0,135.2,108,32,30,10,42,0,148,2,1,2,543,208,1.106,7.2,0.7,2.8,9.8,False,,,,2026-08-06T03:27:26+00:00,https://www.baseball-reference.com/teams/ATL/2024.shtml,https://www.baseball-reference.com/players/l/lopezre01.shtml
obrieri01,STL,2026,pitching,True,1,Riley O'Brien,1995-02-06,"Seattle, WA, United States",R,R,76,6-4,180,2021-09-28,CL,St. Louis Cardinals,56,58,56-58,,,,,,,,,,,,,,,,,,,,,,,,,3,4,.429,3.43,45,0,35,0,0,26,44.2,35,19,17,2,18,2,47,10,0,5,192,117,1.187,7.1,0.4,3.6,9.5,False,,,,2026-08-06T03:32:50+00:00,https://www.baseball-reference.com/teams/STL/2026.shtml,https://www.baseball-reference.com/players/o/obrieri01.shtml
rayro02,SFG,2025,pitching,True,1,Robbie Ray,1991-10-01,"Brentwood, TN, United States",L,L,74,6-2,220,2014-05-06,SP,San Francisco Giants,81,81,81-81,,,,,,,,,,,,,,,,,,,,,,,,,11,8,.579,3.65,32,32,0,1,0,0,182.1,148,81,74,22,73,0,186,4,1,7,755,109,1.212,7.3,1.1,3.6,9.2,False,,,,2026-08-06T03:30:40+00:00,https://www.baseball-reference.com/teams/SFG/2025.shtml,https://www.baseball-reference.com/players/r/rayro02.shtml
acunaro01,ATL,2025,batting,True,1,Ronald Acuña Jr.,1997-12-18,"La Guaira, La Guaira, Venezuela",R,R,72,6-0,205,2018-04-25,RF,Atlanta Braves,76,86,76-86,95,412,338,74,98,12,1,21,42,9,1,71,102,.290,.417,.518,.935,161,175,5,3,0,0,4,,,,,,,,,,,,,,,,,,,,,,,,,,,,,True,95,17,A,2026-08-06T03:29:20+00:00,https://www.baseball-reference.com/teams/ATL/2025.shtml,https://www.baseball-reference.com/players/a/acunaro01.shtml
helslry01,STL,2024,batting,True,1,Ryan Helsley,1994-07-18,"Tahlequah, OK, United States",R,R,74,6-2,235,2019-04-16,P,St. Louis Cardinals,83,79,83-79,2,0,0,0,0,0,0,0,0,0,0,0,0,,,,,,0,0,0,0,0,0,,,,,,,,,,,,,,,,,,,,,,,,,,,,,False,,,,2026-08-06T03:28:52+00:00,https://www.baseball-reference.com/teams/STL/2024.shtml,https://www.baseball-reference.com/players/h/helslry01.shtml
helslry01,STL,2024,pitching,True,1,Ryan Helsley,1994-07-18,"Tahlequah, OK, United States",R,R,74,6-2,235,2019-04-16,CL,St. Louis Cardinals,83,79,83-79,,,,,,,,,,,,,,,,,,,,,,,,,7,4,.636,2.04,65,0,62,0,0,49,66.1,50,19,15,3,23,3,79,0,0,1,266,202,1.101,6.8,0.4,3.1,10.7,False,,,,2026-08-06T03:28:52+00:00,https://www.baseball-reference.com/teams/STL/2024.shtml,https://www.baseball-reference.com/players/h/helslry01.shtml
mcmahry01,COL,2024,batting,True,1,Ryan McMahon,1994-12-14,"Yorba Linda, CA, United States",L,R,74,6-2,211,2017-08-12,3B,Colorado Rockies,61,101,61-101,153,645,567,68,137,28,0,20,65,4,6,69,185,.242,.325,.397,.722,93,225,9,3,0,4,4,,,,,,,,,,,,,,,,,,,,,,,,,,,,,False,,,,2026-08-06T03:27:51+00:00,https://www.baseball-reference.com/teams/COL/2024.shtml,https://www.baseball-reference.com/players/m/mcmahry01.shtml
ohearry01,BAL,2025,batting,True,1,Ryan O'Hearn,1993-07-26,"Dunedin, FL, United States",L,L,74,6-2,220,2018-07-31,1B,Baltimore Orioles,75,87,75-87,94,361,311,45,88,15,1,13,43,3,1,42,63,.283,.374,.463,.837,136,144,10,5,0,3,3,,,,,,,,,,,,,,,,,,,,,,,,,,,,,False,,,,2026-08-06T03:29:24+00:00,https://www.baseball-reference.com/teams/BAL/2025.shtml,https://www.baseball-reference.com/players/o/ohearry01.shtml
ohearry01,SDP,2025,batting,True,1,Ryan O'Hearn,1993-07-26,"Dunedin, FL, United States",L,L,74,6-2,220,2018-07-31,DH,San Diego Padres,90,72,90-72,50,183,163,22,45,6,0,4,20,0,0,16,46,.276,.350,.387,.736,107,63,1,3,0,1,1,,,,,,,,,,,,,,,,,,,,,,,,,,,,,False,,,,2026-08-06T03:30:32+00:00,https://www.baseball-reference.com/teams/SDP/2025.shtml,https://www.baseball-reference.com/players/o/ohearry01.shtml
stewasa02,CIN,2026,batting,True,1,Sal Stewart,2003-12-07,"Miami, FL, United States",R,R,73,6-1,224,2025-09-01,1B,Cincinnati Reds,54,58,54-58,112,486,424,60,108,23,0,24,86,12,4,52,106,.255,.335,.479,.814,121,203,11,3,0,7,4,,,,,,,,,,,,,,,,,,,,,,,,,,,,,False,,,,2026-08-06T03:31:29+00:00,https://www.baseball-reference.com/teams/CIN/2026.shtml,https://www.baseball-reference.com/players/s/stewasa02.shtml
perezsa02,KCR,2024,batting,True,1,Salvador Perez,1990-05-10,"Valencia, Carabobo, Venezuela",R,R,74,6-2,255,2011-08-10,C,Kansas City Royals,86,76,86-76,158,652,590,58,160,28,0,27,104,0,0,44,129,.271,.330,.456,.786,122,269,17,11,0,6,9,,,,,,,,,,,,,,,,,,,,,,,,,,,,,False,,,,2026-08-06T03:28:01+00:00,https://www.baseball-reference.com/teams/KCR/2024.shtml,https://www.baseball-reference.com/players/p/perezsa02.shtml
lugose01,KCR,2024,pitching,True,1,Seth Lugo,1989-11-17,"Shreveport, LA, United States",R,R,76,6-4,225,2016-07-01,SP,Kansas City Royals,86,76,86-76,,,,,,,,,,,,,,,,,,,,,,,,,16,9,.640,3.00,33,33,0,1,0,0,206.2,177,75,69,16,48,1,181,9,0,4,836,137,1.089,7.7,0.7,2.1,7.9,False,,,,2026-08-06T03:28:01+00:00,https://www.baseball-reference.com/teams/KCR/2024.shtml,https://www.baseball-reference.com/players/l/lugose01.shtml
smithsh02,CHW,2025,pitching,True,1,Shane Smith,2000-04-04,"Danvers, MA, United States",R,R,75,6-3,240,2025-04-01,SP,Chicago White Sox,60,102,60-102,,,,,,,,,,,,,,,,,,,,,,,,,7,8,.467,3.81,29,29,0,0,0,0,146.1,117,70,62,17,58,1,145,12,0,8,616,110,1.196,7.2,1.0,3.6,8.9,False,,,,2026-08-06T03:29:34+00:00,https://www.baseball-reference.com/teams/CHW/2025.shtml,https://www.baseball-reference.com/players/s/smithsh02.shtml
langesh01,ATH,2026,batting,True,1,Shea Langeliers,1997-11-18,"Portland, OR, United States",R,R,71,5-11,205,2022-08-16,C,Athletics,45,68,45-68,93,416,376,55,99,19,0,23,51,2,1,34,96,.263,.332,.497,.829,124,187,5,5,0,1,2,,,,,,,,,,,,,,,,,,,,,,,,,,,,,True,85,90,B,2026-08-06T03:31:06+00:00,https://www.baseball-reference.com/teams/ATH/2026.shtml,https://www.baseball-reference.com/players/l/langesh01.shtml
imanash01,CHC,2024,pitching,True,1,Shota Imanaga,1993-09-01,"Kitakyushu, Japan",L,L,70,5-10,175,2024-04-01,SP,Chicago Cubs,83,79,83-79,,,,,,,,,,,,,,,,,,,,,,,,,15,3,.833,2.91,29,29,0,0,0,0,173.1,149,66,56,27,28,0,174,3,0,3,694,137,1.021,7.7,1.4,1.5,9.0,True,86,82,B,2026-08-06T03:27:36+00:00,https://www.baseball-reference.com/teams/CHC/2024.shtml,https://www.baseball-reference.com/players/i/imanash01.shtml
houckta01,BOS,2024,pitching,True,1,Tanner Houck,1996-06-29,"St. Louis, MO, United States",R,R,77,6-5,226,2020-09-15,SP,Boston Red Sox,81,81,81-81,,,,,,,,,,,,,,,,,,,,,,,,,9,10,.474,3.12,30,30,0,1,1,0,178.2,156,75,62,11,48,1,154,16,0,2,743,133,1.142,7.9,0.6,2.4,7.8,False,,,,2026-08-06T03:27:33+00:00,https://www.baseball-reference.com/teams/BOS/2024.shtml,https://www.baseball-reference.com/players/h/houckta01.shtml
scottta01,MIA,2024,pitching,True,1,Tanner Scott,1994-07-22,"Warren, OH, United States",R,L,72,6-0,235,2017-09-20,CL,Miami Marlins,62,100,62-100,,,,,,,,,,,,,,,,,,,,,,,,,6,5,.545,1.18,44,0,35,0,0,18,45.2,19,10,6,2,27,2,53,1,0,0,182,363,1.007,3.7,0.4,5.3,10.4,False,,,,2026-08-06T03:28:13+00:00,https://www.baseball-reference.com/teams/MIA/2024.shtml,https://www.baseball-reference.com/players/s/scottta01.shtml
scottta01,SDP,2024,pitching,True,1,Tanner Scott,1994-07-22,"Warren, OH, United States",R,L,72,6-0,235,2017-09-20,,San Diego Padres,93,69,93-69,,,,,,,,,,,,,,,,,,,,,,,,,3,1,.750,2.73,28,0,6,0,0,4,26.1,26,10,8,1,9,2,31,0,0,0,112,152,1.329,8.9,0.3,3.1,10.6,False,,,,2026-08-06T03:28:41+00:00,https://www.baseball-reference.com/teams/SDP/2024.shtml,https://www.baseball-reference.com/players/s/scottta01.shtml
hernate01,LAD,2024,batting,True,1,Teoscar Hernández,1992-10-15,"Cotui, Sanchez Ramirez, Dominican Republic",R,R,72,6-0,215,2016-08-12,LF,Los Angeles Dodgers,98,64,98-64,154,652,589,84,160,32,2,33,99,12,3,53,188,.272,.339,.501,.840,135,295,7,8,0,1,3,,,,,,,,,,,,,,,,,,,,,,,,,,,,,False,,,,2026-08-06T03:28:09+00:00,https://www.baseball-reference.com/teams/LAD/2024.shtml,https://www.baseball-reference.com/players/h/hernate01.shtml
bazzatr01,CLE,2026,batting,True,1,Travis Bazzana,2002-08-28,"Hornsby, New South Wales, Australia",L,R,71,5-11,199,2026-04-28,2B,Cleveland Guardians,57,57,57-57,82,355,306,37,75,15,2,9,35,16,4,42,79,.245,.341,.395,.736,107,121,2,4,0,3,1,,,,,,,,,,,,,,,,,,,,,,,,,,,,,False,,,,2026-08-06T03:31:33+00:00,https://www.baseball-reference.com/teams/CLE/2026.shtml,https://www.baseball-reference.com/players/b/bazzatr01.shtml
turnetr01,PHI,2024,batting,True,1,Trea Turner,1993-06-30,"Boynton Beach, FL, United States",R,R,73,6-1,185,2015-08-21,SS,Philadelphia Phillies,95,67,95-67,121,539,505,88,149,25,0,21,62,19,4,27,98,.295,.338,.469,.807,121,237,10,6,0,1,0,,,,,,,,,,,,,,,,,,,,,,,,,,,,,True,91,37,A,2026-08-06T03:28:33+00:00,https://www.baseball-reference.com/teams/PHI/2024.shtml,https://www.baseball-reference.com/players/t/turnetr01.shtml
megiltr01,MIL,2025,pitching,True,1,Trevor Megill,1993-12-05,"Long Beach, CA, United States",L,R,80,6-8,253,2021-04-26,CL,Milwaukee Brewers,97,65,97-65,,,,,,,,,,,,,,,,,,,,,,,,,6,3,.667,2.49,50,0,44,0,0,30,47.0,36,16,13,3,17,3,60,0,0,2,192,169,1.128,6.9,0.6,3.3,11.5,False,,,,2026-08-06T03:30:10+00:00,https://www.baseball-reference.com/teams/MIL/2025.shtml,https://www.baseball-reference.com/players/m/megiltr01.shtml
anderty01,LAA,2024,pitching,True,1,Tyler Anderson,1989-12-30,"Las Vegas, NV, United States",L,L,74,6-2,220,2016-06-12,SP,Los Angeles Angels,63,99,63-99,,,,,,,,,,,,,,,,,,,,,,,,,10,15,.400,3.81,31,31,0,0,0,0,179.1,158,83,76,24,73,2,142,7,1,3,765,110,1.288,7.9,1.2,3.7,7.1,False,,,,2026-08-06T03:28:05+00:00,https://www.baseball-reference.com/teams/LAA/2024.shtml,https://www.baseball-reference.com/players/a/anderty01.shtml
glasnty01,LAD,2024,pitching,True,1,Tyler Glasnow,1993-08-23,"Newhall, CA, United States",L,R,80,6-8,225,2016-07-07,SP,Los Angeles Dodgers,98,64,98-64,,,,,,,,,,,,,,,,,,,,,,,,,9,6,.600,3.49,22,22,0,0,0,0,134.0,92,53,52,15,35,0,168,0,1,12,522,114,0.948,6.2,1.0,2.4,11.3,True,91,38,A,2026-08-06T03:28:09+00:00,https://www.baseball-reference.com/teams/LAD/2024.shtml,https://www.baseball-reference.com/players/g/glasnty01.shtml
castrwi01,MIN,2024,batting,True,1,Willi Castro,1997-04-24,"Rio Piedras, Puerto Rico",S,R,72,6-0,209,2019-08-24,UT,Minnesota Twins,82,80,82-80,158,635,558,89,138,31,5,12,60,14,9,51,150,.247,.331,.385,.717,102,215,8,21,1,4,0,,,,,,,,,,,,,,,,,,,,,,,,,,,,,False,,,,2026-08-06T03:28:20+00:00,https://www.baseball-reference.com/teams/MIN/2024.shtml,https://www.baseball-reference.com/players/c/castrwi01.shtml
castrwi01,MIN,2024,pitching,True,1,Willi Castro,1997-04-24,"Rio Piedras, Puerto Rico",S,R,72,6-0,209,2019-08-24,,Minnesota Twins,82,80,82-80,,,,,,,,,,,,,,,,,,,,,,,,,0,0,,0.00,2,0,2,0,0,0,1.1,0,0,0,0,0,0,0,0,0,0,4,,0.000,0.0,0.0,0.0,0.0,False,,,,2026-08-06T03:28:20+00:00,https://www.baseball-reference.com/teams/MIN/2024.shtml,https://www.baseball-reference.com/players/c/castrwi01.shtml
contrwi01,BOS,2026,batting,True,1,Willson Contreras,1992-05-13,"Puerto Cabello, Carabobo, Venezuela",R,R,72,6-0,240,2016-06-17,1B,Boston Red Sox,61,51,61-51,104,428,360,57,103,18,2,23,69,3,3,46,108,.286,.393,.539,.931,162,194,8,19,0,3,2,,,,,,,,,,,,,,,,,,,,,,,,,,,,,False,,,,2026-08-06T03:31:17+00:00,https://www.baseball-reference.com/teams/BOS/2026.shtml,https://www.baseball-reference.com/players/c/contrwi01.shtml
diazya01,TBR,2026,batting,True,1,Yandy Díaz,1991-08-08,"Sagua la Grande, Villa Clara, Cuba",R,R,72,6-0,235,2017-04-03,DH,Tampa Bay Rays,67,46,67-46,109,480,424,61,127,20,1,15,64,3,1,43,72,.300,.373,.458,.830,132,194,12,9,0,4,4,,,,,,,,,,,,,,,,,,,,,,,,,,,,,True,85,92,B,2026-08-06T03:32:53+00:00,https://www.baseball-reference.com/teams/TBR/2026.shtml,https://www.baseball-reference.com/players/d/diazya01.shtml
kikucyu01,LAA,2025,pitching,True,1,Yusei Kikuchi,1991-06-17,"Morioka, Iwate, Japan",L,L,72,6-0,210,2019-03-21,SP,Los Angeles Angels,72,90,72-90,,,,,,,,,,,,,,,,,,,,,,,,,7,11,.389,3.99,33,33,0,0,0,0,178.1,180,87,79,24,74,3,174,3,0,8,772,103,1.424,9.1,1.2,3.7,8.8,False,,,,2026-08-06T03:30:00+00:00,https://www.baseball-reference.com/teams/LAA/2025.shtml,https://www.baseball-reference.com/players/k/kikucyu01.shtml
mckinza01,DET,2025,batting,True,1,Zach McKinstry,1995-04-29,"Toledo, OH, United States",L,R,71,5-11,180,2020-09-16,3B,Detroit Tigers,87,75,87-75,144,511,452,68,117,23,11,12,49,19,5,46,111,.259,.333,.438,.771,113,198,6,7,1,5,1,,,,,,,,,,,,,,,,,,,,,,,,,,,,,False,,,,2026-08-06T03:29:48+00:00,https://www.baseball-reference.com/teams/DET/2025.shtml,https://www.baseball-reference.com/players/m/mckinza01.shtml
mckinza01,DET,2025,pitching,True,1,Zach McKinstry,1995-04-29,"Toledo, OH, United States",L,R,71,5-11,180,2020-09-16,,Detroit Tigers,87,75,87-75,,,,,,,,,,,,,,,,,,,,,,,,,0,0,,0.00,1,0,1,0,0,0,0.1,0,0,0,0,0,0,0,0,0,0,1,,0.000,0.0,0.0,0.0,0.0,False,,,,2026-08-06T03:29:48+00:00,https://www.baseball-reference.com/teams/DET/2025.shtml,https://www.baseball-reference.com/players/m/mckinza01.shtml
